fdc_id,description,mapped_ingredient
167512,"Pillsbury Golden Layer Buttermilk Biscuits, Artificial Flavor, refrigerated dough","""biscuit mix"""
167513,"Pillsbury, Cinnamon Rolls with Icing, refrigerated dough","""cinnamon roll"""
167514,"Kraft Foods, Shake N Bake Original Recipe, Coating for Pork, dry","""breadcrumb"""
167515,"George Weston Bakeries, Thomas English Muffins","""english muffin"""
167516,"Waffles, buttermilk, frozen, ready-to-heat","""buttermilk"""
167517,"Waffle, buttermilk, frozen, ready-to-heat, toasted","""buttermilk"""
167518,"Waffle, buttermilk, frozen, ready-to-heat, microwaved","""buttermilk"""
167519,"Waffle, plain, frozen, ready-to-heat, microwave","""waffle"""
167520,"Pie Crust, Cookie-type, Graham Cracker, Ready Crust","""graham cracker"""
167521,"Pie Crust, Cookie-type, Chocolate, Ready Crust","""chocolate pie crust"""
167522,"Pie, Dutch Apple, Commercially Prepared","""apple"""
167523,"Pie crust, deep dish, frozen, unbaked, made with enriched flour","""pie crust"""
167524,"Waffles, chocolate chip, frozen, ready-to-heat","""chocolate chip"""
167525,"Tostada shells, corn","""corn tortilla"""
167526,"Bread, salvadoran sweet cheese (quesadilla salvadorena)","""bread"""
167527,"Bread, pound cake type, pan de torta salvadoran","""bread"""
167528,"Pastry, Pastelitos de Guava (guava pastries)","""guava"""
167529,"Crackers, snack, Goya Crackers","""cracker"""
167530,"Crackers, cream, Gamesa Sabrosas","""cracker"""
167531,"Crackers, cream, La Moderna Rikis Cream Crackers","""cracker"""
167532,"Bread, white wheat","""white wheat flour"""
167533,"Bagels, wheat","""wheat"""
167534,"Cream puff, eclair, custard or cream filled, iced","""cream filling"""
167535,"Tortillas, ready-to-bake or -fry, flour, shelf stable","""flour tortilla"""
167536,"Snacks, beef jerky, chopped and formed","""beef jerky"""
167537,"Snacks, corn-based, extruded, chips, plain","""corn chip"""
167538,"Snacks, corn-based, extruded, chips, barbecue-flavor","""corn chip"""
167539,"Snacks, corn-based, extruded, cones, plain","""corn chip"""
167540,"Snacks, fruit leather, pieces","""fruit leather"""
167541,"Snacks, fruit leather, rolls","""fruit leather"""
167542,"Snacks, granola bars, hard, plain","""granola"""
167543,"Snacks, granola bars, hard, almond","""almond"""
167544,"Snacks, granola bars, soft, uncoated, raisin","""raisin"""
167545,"Snacks, granola bars, soft, coated, milk chocolate coating, chocolate chip","""chocolate chip"""
167546,"Candies, honey-combed, with peanut butter","""peanut butter"""
167547,"Snacks, granola bars, soft, coated, milk chocolate coating, peanut butter","""milk chocolate coating"""
167548,"Snacks, granola bars, soft, uncoated, peanut butter and chocolate chip","""peanut butter chocolate chip"""
167549,"Snacks, popcorn, oil-popped, microwave, regular flavor, no trans fat","""popcorn"""
167550,"Snacks, popcorn, cakes","""popcorn"""
167551,"Snacks, popcorn, caramel-coated, with peanuts","""peanut"""
167552,"Snacks, popcorn, caramel-coated, without peanuts","""caramel coating"""
167553,"Snacks, potato chips, made from dried potatoes, reduced fat","""potato"""
167554,"Snacks, potato chips, made from dried potatoes, sour-cream and onion-flavor","""potato chip"""
167555,"Snacks, pretzels, hard, plain, salted","""pretzel"""
167556,"Snacks, pretzels, hard, confectioner's coating, chocolate-flavor","""chocolate coating"""
167557,"Snacks, rice cakes, brown rice, sesame seed","""brown rice"""
167558,"Snacks, tortilla chips, plain, white corn, salted","""white corn"""
167559,"Snacks, tortilla chips, nacho cheese","""tortilla chip"""
167560,"Snacks, tortilla chips, ranch-flavor","""tortilla chip"""
167561,"Snacks, trail mix, regular","""trail mix"""
167562,"Candies, ALMOND JOY Candy Bar","""almond"""
167563,"Candies, TWIZZLERS CHERRY BITES","""cherry bit"""
167564,"Candies, NESTLE, BIT-O'-HONEY Candy Chews","""honey"""
167565,"Candies, NESTLE, BUTTERFINGER Bar","""butterfinger"""
167566,"Candies, caramels, chocolate-flavor roll","""chocolate"""
167567,"Baking chocolate, unsweetened, liquid","""baking chocolate"""
167568,"Baking chocolate, unsweetened, squares","""baking chocolate"""
167569,"Candies, confectioner's coating, yogurt","""candy coating"""
167570,"Candies, confectioner's coating, peanut butter","""peanut butter"""
167571,"Candies, white chocolate","""white chocolate"""
167572,"Ice creams, vanilla, light","""vanilla ice cream"""
167573,"Ice creams, vanilla, rich","""vanilla ice cream"""
167574,"Desserts, flan, caramel custard, prepared-from-recipe","""caramel custard"""
167575,"Ice creams, vanilla","""vanilla ice cream"""
167576,"Ice creams, vanilla, light, soft-serve","""vanilla ice cream"""
167577,"Sherbet, orange","""orange"""
167578,"Candies, fudge, peanut butter, prepared-from-recipe","""peanut butter"""
167579,"Candies, fudge, vanilla, prepared-from-recipe","""vanilla candy"""
167580,"Candies, fudge, vanilla with nuts","""chocolate fudge pudding mix"""
167581,"Candies, NESTLE, GOOBERS Chocolate Covered Peanuts","""chocolate covered peanuts"""
167582,"Candies, NESTLE, BABY RUTH Bar","""baby ruth"""
167583,"Candies, TWIZZLERS Strawberry Twists Candy","""strawberry"""
167584,"Syrups, table blends, pancake, with butter","""butter"""
167585,"Ice creams, chocolate, light","""chocolate"""
167586,"Candies, NESTLE, CHUNKY Bar","""chocolate chunk"""
167587,"Candies, milk chocolate","""milk chocolate"""
167588,"Puddings, banana, dry mix, instant, prepared with 2% milk","""banana pudding mix"""
167589,"Puddings, banana, dry mix, regular, prepared with 2% milk","""banana pudding mix"""
167590,"Andrea's, Gluten Free Soft Dinner Roll","""gluten free dinner roll"""
167591,"Crunchmaster, Multi-Grain Crisps, Snack Crackers, Gluten-Free","""cracker"""
167592,"Glutino, Gluten Free Cookies, Chocolate Vanilla Creme","""chocolate vanilla creme"""
167593,"Glutino, Gluten Free Cookies, Vanilla Creme","""gluten free cookie"""
167594,"Pepperidge Farm, Goldfish, Baked Snack Crackers, Original","""cracker"""
167595,"Pepperidge Farm, Goldfish, Baked Snack Crackers, Parmesan","""cracker"""
167596,"Pepperidge Farm, Goldfish, Baked Snack Crackers, Pizza","""cracker"""
167597,"Rudi's, Gluten-Free Bakery, Original Sandwich Bread","""sandwich bread"""
167598,"Udi's, Gluten Free, Soft & Delicious White Sandwich Bread","""sandwich bread"""
167599,"Udi's, Gluten Free, Soft & Hearty Whole Grain Bread","""whole wheat flour"""
167600,"Udi's, Gluten Free, Whole Grain Dinner Rolls","""gluten free whole grain dinner roll"""
167601,"Van's, Gluten Free, Totally Original Pancakes","""gluten free pancake"""
167602,"Seaweed, Canadian Cultivated EMI-TSUNOMATA, dry","""seaweed"""
167603,"Seaweed, Canadian Cultivated EMI-TSUNOMATA, rehydrated","""seaweed"""
167604,"Potatoes, hash brown, refrigerated, unprepared","""hash brown"""
167605,"Potatoes, hash brown, refrigerated, prepared, pan-fried in canola oil","""hash brown"""
167606,"Sweet Potatoes, french fried, frozen as packaged, salt added in processing","""sweet potato"""
167607,"Moose, meat, raw (Alaska Native)","""raw meat"""
167608,"Mashu roots, raw (Alaska Native)","""mashu root"""
167609,"Moose, liver, braised (Alaska Native)","""liver"""
167610,"Seal, bearded (Oogruk), meat, raw (Alaska Native)","""bearded seal meat"""
167611,"Oil, bearded seal (Oogruk) (Alaska Native)","""bearded seal oil"""
167612,"Oopah (tunicate), whole animal (Alaska Native)","""tunicate"""
167613,"Owl, horned, flesh, raw (Alaska Native)","""raw meat"""
167614,"Fish, salmon, king, chinook, smoked and canned (Alaska Native)","""salmon"""
167615,"Fish, salmon, king, chinook, smoked, brined (Alaska Native)","""salmon"""
167616,"Fish, salmon, king, chinook, liver (Alaska Native)","""salmon liver"""
167617,"Duck, scoter, white-winged, meat (Alaska Native)","""duck meat"""
167618,"Sea cucumber, yane (Alaska Native)","""sea cucumber"""
167619,"Squirrel, ground, meat (Alaska Native)","""ground meat"""
167620,"Tea, tundra, herb and laborador combination (Alaska Native)","""herb"""
167621,"Walrus, meat, dried (Alaska Native)","""dried meat"""
167622,"Deer (venison), sitka, raw (Alaska Native)","""venison"""
167623,"Whale, bowhead, subcutaneous fat (blubber) (Alaska Native)","""blubber"""
167624,"Whale, bowhead, skin and subcutaneous fat (muktuk) (Alaska Native)","""muktuk"""
167625,"Oil, whale, bowhead (Alaska Native)","""whale oil"""
167626,"Fish, whitefish, broad, liver (Alaska Native)","""whitefish liver"""
167627,"Mush, blue corn with ash (Navajo)","""blue corn"""
167628,"Cornmeal, blue (Navajo)","""cornmeal"""
167629,"Melon, banana (Navajo)","""melon banana"""
167630,Chilchen (Red Berry Beverage) (Navajo),"""red berry juice"""
167631,"Corn, dried (Navajo)","""dried corn"""
167632,"Squash, Indian, cooked, boiled (Navajo)","""squash"""
167633,"Bread, kneel down (Navajo)","""bread"""
167634,"Mutton, cooked, roasted (Navajo)","""mutton"""
167635,"Frybread, made with lard (Navajo)","""fried dough"""
167636,Tamales (Navajo),"""tamale"""
167637,"Stew, steamed corn (Navajo)","""corn"""
167638,"Fish, halibut, raw, with skin (Alaska Native)","""halibut"""
167639,"Fish, salmon, coho (silver), raw (Alaska Native)","""salmon"""
167640,"Blueberries, wild, raw (Alaska Native)","""blueberry"""
167641,"Oil, spotted seal (Alaska Native)","""oil"""
167642,"Fish, salmon, red, canned, bones removed (Alaska Native)","""salmon"""
167643,"Fish, whitefish, eggs (Alaska Native)","""whitefish"""
167644,"Caribou, rump meat, half dried (Alaska Native)","""beef"""
167645,"Fish, salmon, red, (sockeye), canned, smoked (Alaska Native)","""salmon"""
167646,"Fish, salmon, red, (sockeye), kippered (Alaska Native)","""salmon"""
167647,"Fish, salmon, king, with skin, kippered, (Alaska Native)","""salmon"""
167648,"Fish, sheefish, raw (Alaska Native)","""fish"""
167649,"Buffalo, free range, top round steak, raw (Shoshone Bannock)","""top round steak"""
167650,"Seal, bearded (Oogruk), meat, partially dried (Alaska Native)","""bearded seal meat"""
167651,"Buffalo, free range, top round steak, cooked (Shoshone Bannock)","""top round steak"""
167652,"Elk, free range, roast, eye of round, raw (Shoshone Bannock)","""eye of round"""
167653,"Corn, dried, yellow (Northern Plains Indians)","""corn"""
167654,"Smelt, dried (Alaska Native)","""dried smelt"""
167655,"Frybread, made with lard (Apache)","""fried dough"""
167656,Corned beef and potatoes in tortilla (Apache),"""corned beef"""
167657,"ON THE BORDER, soft taco with ground beef, cheese and lettuce","""ground beef"""
167658,"Restaurant, Mexican, soft taco with ground beef, cheese and lettuce","""ground beef"""
167659,"Restaurant, Latino, chicken and rice, entree, prepared","""chicken"""
167660,"Restaurant, Latino, empanadas, beef, prepared","""beef"""
167661,"Restaurant, Latino, pupusas con frijoles (pupusas, bean)","""bean"""
167662,"Restaurant, Latino, pupusas con queso (pupusas, cheese)","""pupusa"""
167663,"Restaurant, Latino, pupusas del cerdo (pupusas, pork)","""pork"""
167664,"Restaurant, Latino, tamale, corn","""tamale"""
167665,"Restaurant, Mexican, spanish rice","""spanish rice"""
167666,"Restaurant, Mexican, refried beans","""refried beans"""
167667,"Restaurant, Chinese, egg rolls, assorted","""egg roll"""
167668,"Restaurant, Chinese, fried rice, without meat","""rice"""
167669,"CRACKER BARREL, steak fries","""steak"""
167670,"CRACKER BARREL, grilled sirloin steak","""sirloin"""
167671,"CRACKER BARREL, macaroni n' cheese plate, from kid's menu","""macaroni and cheese"""
167672,"DENNY'S, french fries","""french fries"""
167673,"DENNY'S, top sirloin steak","""top sirloin"""
167674,"Restaurant, Chinese, lemon chicken","""chicken"""
167675,"Restaurant, Chinese, general tso's chicken","""chicken"""
167676,"Restaurant, Chinese, kung pao chicken","""chicken"""
167677,"Restaurant, Chinese, vegetable lo mein, without meat","""vegetable noodle"""
167678,"Restaurant, Chinese, chicken and vegetables","""chicken"""
167679,"Restaurant, Chinese, orange chicken","""orange chicken"""
167680,"Restaurant, Italian, spaghetti with meat sauce","""spaghetti"""
167681,"Beverages, fruit-flavored drink, dry powdered mix, low calorie, with aspartame","""aspartame"""
167682,"Pectin, liquid","""pectin"""
167683,"Frozen novelties, ice cream type, vanilla ice cream, light, no sugar added, chocolate coated","""vanilla ice cream"""
167684,"Creamy dressing, made with sour cream and/or buttermilk and oil, reduced calorie","""sour cream"""
167685,"Bologna, beef and pork, low fat","""bologna"""
167686,"Milk dessert, frozen, milk-fat free, chocolate","""chocolate pudding"""
167687,"Whipped topping, frozen, low fat","""whipped topping"""
167688,"Cream substitute, powdered, light","""powdered milk"""
167689,"Candies, MARS SNACKFOOD US, M&M's Peanut Butter Chocolate Candies","""peanut butter chocolate candy"""
167690,"Babyfood, apple yogurt dessert, strained","""apple yogurt"""
167691,"Vegetable oil-butter spread, reduced calorie","""vegetable oil"""
167692,"Salad dressing, blue or roquefort cheese dressing, light","""cheese dressing"""
167693,"Salad dressing, french dressing, reduced calorie","""french dressing"""
167694,"Sausage, turkey and pork, fresh, bulk, patty or link, cooked","""sausage"""
167695,"Mayonnaise, made with tofu","""tofu"""
167696,"Frankfurter, beef, low fat","""beef"""
167697,"Milk, buttermilk, fluid, cultured, reduced fat","""buttermilk"""
167698,"Pork sausage rice links, brown and serve, cooked","""pork sausage"""
167699,"Salad dressing, blue or roquefort cheese dressing, fat-free","""cheese dressing"""
167700,"Salad Dressing, mayonnaise-like, fat-free","""mayonnaise"""
167701,"Candies, MARS SNACKFOOD US, MILKY WAY Midnight Bar","""milky way"""
167702,"Oil, flaxseed, cold pressed","""flaxseed oil"""
167703,"Cheese, cottage, lowfat, 1% milkfat, lactose reduced","""cottage cheese"""
167704,"Salad dressing, bacon and tomato","""bacon"""
167705,"Cheese, parmesan, low sodium","""parmesan cheese"""
167706,"Jams, preserves, marmalade, reduced sugar","""jam"""
167707,"Beverages, fruit-flavored drink, powder, with high vitamin C with other added vitamins, low calorie","""vitamin c powder"""
167708,"Tomato and vegetable juice, low sodium","""tomato juice"""
167709,"Turkey, wing, smoked, cooked, with skin, bone removed","""turkey wing"""
167710,"Turkey, drumstick, smoked, cooked, with skin, bone removed","""turkey"""
167711,"Beverages, Chocolate-flavored drink, whey and milk based","""chocolate"""
167712,"Pork, cured, bacon, cooked, broiled, pan-fried or roasted, reduced sodium","""bacon"""
167713,"Turkey, light or dark meat, smoked, cooked, skin and bone removed","""turkey"""
167714,"Hearts of palm, raw","""hearts of palm"""
167715,"Cereals ready-to-eat, POST, Shredded Wheat n' Bran, spoon-size","""oatmeal"""
167716,"Cheese, cottage, lowfat, 1% milkfat, with vegetables","""cottage cheese"""
167717,Yeast extract spread,"""yeast extract"""
167718,"Babyfood, juice, pear","""pear juice"""
167719,"Chicken, meatless, breaded, fried","""breadcrumb"""
167720,"Babyfood, meat, beef with vegetables, toddler","""beef"""
167721,"Frozen novelties, juice type, juice with cream","""cream"""
167722,Tofu yogurt,"""tofu"""
167723,"Alcoholic beverage, rice (sake)","""rice"""
167724,"Millet, puffed","""millet"""
167725,"Cereals ready-to-eat, OAT BRAN FLAKES, HEALTH VALLEY","""oat bran"""
167726,"Babyfood, mixed fruit yogurt, strained","""yogurt"""
167727,"Beverages, ABBOTT, ENSURE PLUS, ready-to-drink","""ensure plus"""
167728,"Babyfood, rice and apples, dry","""rice apple"""
167729,"Babyfood, juice, apple - cherry","""apple juice"""
167730,"Milk, imitation, non-soy","""imitation milk"""
167731,"Babyfood, cereal, rice with pears and apple, dry, instant fortified","""rice"""
167732,"Babyfood, banana no tapioca, strained","""banana"""
167733,"Babyfood, banana apple dessert, strained","""banana apple dessert"""
167734,"Breakfast bar, corn flake crust with fruit","""cornflake crust"""
167735,"Cheese, mozzarella, low sodium","""mozzarella"""
167736,"Mayonnaise dressing, no cholesterol","""mayonnaise"""
167737,"Oil, corn, peanut, and olive","""corn oil peanut oil olive oil"""
167738,"Pie fillings, blueberry, canned","""blueberry"""
167739,"Beverages, Cocktail mix, non-alcoholic, concentrated, frozen","""concentrated juice"""
167740,"Puddings, chocolate flavor, low calorie, regular, dry mix","""chocolate pudding mix"""
167741,"Puddings, all flavors except chocolate, low calorie, regular, dry mix","""instant pudding mix"""
167742,"Mollusks, scallop, (bay and sea), cooked, steamed","""scallop"""
167743,"Syrup, Cane","""cane syrup"""
167744,"Mollusks, snail, raw","""snail"""
167745,"Turtle, green, raw","""green turtle"""
167746,"Lemons, raw, without peel","""lemon"""
167747,"Lemon juice, raw","""lemon juice"""
167748,"Lemon juice from concentrate, canned or bottled","""lemon juice concentrate"""
167749,"Lemon peel, raw","""lemon peel"""
167750,"Prickly pears, raw","""prickly pear"""
167751,"Plums, dried (prunes), stewed, without added sugar","""prune"""
167752,"Plums, dried (prunes), stewed, with added sugar","""prune"""
167753,"Prune juice, canned","""prune juice"""
167754,"Pummelo, raw","""pummelo"""
167755,"Raspberries, raw","""raspberry"""
167756,"Raspberries, canned, red, heavy syrup pack, solids and liquids","""raspberry"""
167757,"Raspberries, frozen, red, sweetened","""raspberry"""
167758,"Rhubarb, raw","""rhubarb"""
167759,"Sapodilla, raw","""sapodilla"""
167760,"Sapote, mamey, raw","""sapote"""
167761,"Soursop, raw","""soursop"""
167762,"Strawberries, raw","""strawberry"""
167763,"Tamarinds, raw","""tamarind"""
167764,"Fruit salad, (pineapple and papaya and banana and guava), tropical, canned, heavy syrup, solids and liquids","""pineapple papaya banana guava"""
167765,"Watermelon, raw","""watermelon"""
167766,"Maraschino cherries, canned, drained","""maraschino cherry"""
167767,"Pineapple, canned, juice pack, drained","""pineapple"""
167768,"Apricots, canned, heavy syrup, drained","""apricot"""
167769,"Cherries, sour, canned, water pack, drained","""sour cherry"""
167770,"Cherries, sweet, canned, pitted, heavy syrup, drained","""cherries"""
167771,"Apple juice, canned or bottled, unsweetened, with added ascorbic acid","""apple juice"""
167772,"Applesauce, canned, unsweetened, with added ascorbic acid","""apple sauce"""
167773,"Applesauce, canned, sweetened, with salt","""apple sauce"""
167774,"Grapefruit juice, pink, raw","""grapefruit juice"""
167775,"Apple juice, frozen concentrate, unsweetened, diluted with 3 volume water, with added ascorbic acid","""apple juice"""
167776,"Pears, raw, bartlett (Includes foods for USDA's Food Distribution Program)","""pear"""
167777,"Pears, raw, red anjou","""pear"""
167778,"Pears, raw, bosc (Includes foods for USDA's Food Distribution Program)","""pear"""
167779,"Pears, raw, green anjou (Includes foods for USDA's Food Distribution Program)","""pear"""
167780,Prune puree,"""prune"""
167781,Candied fruit,"""candied fruit"""
167782,"Abiyuch, raw","""abiyuch"""
167783,"Rowal, raw","""raw"""
167784,"Guava nectar, canned, with added ascorbic acid","""guava"""
167785,"Mango nectar, canned","""mango nectar"""
167786,"Tamarind nectar, canned","""tamarind paste"""
167787,"Pomegranate juice, bottled","""pomegranate juice"""
167788,"Nance, canned, syrup, drained","""canned syrup"""
167789,"Nance, frozen, unsweetened","""frozen pea"""
167790,"Naranjilla (lulo) pulp, frozen, unsweetened","""naranjilla pulp"""
167791,Horned melon (Kiwano),"""kiwano"""
167792,Orange Pineapple Juice Blend,"""orange juice pineapple juice"""
167793,"Apples, raw, fuji, with skin (Includes foods for USDA's Food Distribution Program)","""apple"""
167794,"Orange juice, chilled, includes from concentrate, with added calcium and vitamins A, D, E","""orange juice"""
167795,"Fruit juice smoothie, NAKED JUICE, MIGHTY MANGO","""mango"""
167796,"Fruit juice smoothie, NAKED JUICE, GREEN MACHINE","""fruit juice"""
167797,"Fruit juice smoothie, BOLTHOUSE FARMS, BERRY BOOST","""berry boost"""
167798,"Fruit juice smoothie, BOLTHOUSE FARMS, GREEN GOODNESS","""fruit juice"""
167799,"Fruit juice smoothie, BOLTHOUSE FARMS, strawberry banana","""strawberry banana juice"""
167800,"Apple juice, canned or bottled, unsweetened, with added ascorbic acid, calcium, and potassium","""apple juice"""
167801,"Lemon juice from concentrate, bottled, CONCORD","""lemon juice concentrate"""
167802,"Lemon juice from concentrate, bottled, REAL LEMON","""lemon juice concentrate"""
167803,"Cranberry sauce, whole, canned, OCEAN SPRAY","""cranberry sauce"""
167804,"Cranberry sauce, jellied, canned, OCEAN SPRAY","""cranberry sauce"""
167805,"Ruby Red grapefruit juice blend (grapefruit, grape, apple), OCEAN SPRAY, bottled, with added vitamin C","""grapefruit"""
167806,Baobab powder,"""baobab powder"""
167807,"Cherry juice, tart","""cherry juice"""
167808,"Raspberries, puree, seedless","""raspberry"""
167809,"Raspberries, puree, with seeds","""raspberry"""
167810,"Pork, fresh, composite of trimmed leg, loin, shoulder, and spareribs, (includes cuts to be cured), separable lean and fat, raw","""pork"""
167811,"Pork, fresh, backfat, raw","""pork"""
167812,"Pork, fresh, belly, raw","""pork belly"""
167813,"Pork, fresh, separable fat, raw","""pork"""
167814,"Pork, fresh, leg (ham), rump half, separable lean and fat, raw","""pork"""
167815,"Pork, fresh, leg (ham), rump half, separable lean and fat, cooked, roasted","""pork"""
167816,"Pork, fresh, leg (ham), rump half, separable lean only, raw (Includes foods for USDA's Food Distribution Program)","""pork"""
167817,"Pork, fresh, leg (ham), rump half, separable lean only, cooked, roasted","""pork"""
167818,"Pork, fresh, loin, whole, separable lean and fat, raw","""pork loin"""
167819,"Pork, fresh, loin, whole, separable lean and fat, cooked, braised","""pork loin"""
167820,"Pork, fresh, loin, whole, separable lean and fat, cooked, broiled","""pork loin"""
167821,"Pork, fresh, loin, whole, separable lean and fat, cooked, roasted","""pork loin"""
167822,"Pork, fresh, loin, blade (chops or roasts), bone-in, separable lean and fat, raw","""pork loin"""
167823,"Pork, fresh, loin, blade (chops), bone-in, separable lean and fat, cooked, braised","""pork loin"""
167824,"Pork, fresh, loin, blade (chops), bone-in, separable lean and fat, cooked, broiled","""pork loin"""
167825,"Pork, fresh, loin, blade (roasts), bone-in, separable lean and fat, cooked, roasted","""pork loin"""
167826,"Pork, fresh, loin, center loin (chops), bone-in, separable lean and fat, cooked, braised","""pork loin"""
167827,"Pork, fresh, loin, center loin (chops), bone-in, separable lean and fat, cooked, broiled","""pork loin"""
167828,"Pork, fresh, loin, center loin (roasts), bone-in, separable lean and fat, cooked, roasted","""pork loin"""
167829,"Pork, fresh, loin, center loin (chops), bone-in, separable lean only, raw","""pork loin"""
167830,"Pork, fresh, loin, center rib (chops), bone-in, separable lean and fat, cooked, braised","""pork loin"""
167831,"Pork, fresh, loin, center rib (chops), bone-in, separable lean and fat, cooked, broiled","""pork loin"""
167832,"Pork, fresh, loin, center rib (roasts), bone-in, separable lean and fat, cooked, roasted","""pork loin"""
167833,"Pork, fresh, loin, center rib (chops or roasts), bone-in, separable lean only, raw","""pork"""
167834,"Pork, fresh, loin, sirloin (chops), bone-in, separable lean and fat, cooked, braised","""pork loin"""
167835,"Pork, fresh, loin, sirloin (chops), bone-in, separable lean and fat, cooked, broiled","""pork loin"""
167836,"Pork, fresh, loin, sirloin (roasts), bone-in, separable lean and fat, cooked, roasted","""pork loin"""
167837,"Pork, fresh, loin, sirloin (chops or roasts), bone-in, separable lean only, raw","""pork loin"""
167838,"Pork, fresh, loin, sirloin (chops), bone-in, separable lean only, cooked, braised","""pork loin"""
167839,"Pork, fresh, loin, top loin (chops), boneless, separable lean and fat, raw","""pork loin"""
167840,"Pork, fresh, loin, top loin (chops), boneless, separable lean and fat, cooked, braised","""pork loin"""
167841,"Pork, fresh, loin, top loin (chops), boneless, separable lean and fat, cooked, broiled","""pork loin"""
167842,"Pork, fresh, loin, top loin (roasts), boneless, separable lean and fat, cooked, roasted","""pork loin"""
167843,"Pork, fresh, shoulder, whole, separable lean and fat, raw","""pork shoulder"""
167844,"Pork, fresh, shoulder, whole, separable lean and fat, cooked, roasted","""pork shoulder"""
167845,"Pork, fresh, shoulder, whole, separable lean only, raw","""pork shoulder"""
167846,"Pork, fresh, shoulder, whole, separable lean only, cooked, roasted","""pork shoulder"""
167847,"Pork, fresh, shoulder, arm picnic, separable lean only, cooked, braised","""pork shoulder"""
167848,"Pork, fresh, shoulder, arm picnic, separable lean only, cooked, roasted","""pork shoulder"""
167849,"Pork, fresh, shoulder, (Boston butt), blade (steaks), separable lean and fat, raw","""pork shoulder"""
167850,"Pork, fresh, shoulder, (Boston butt), blade (steaks), separable lean and fat, cooked, braised","""pork shoulder"""
167851,"Pork, fresh, shoulder, blade, boston (steaks), separable lean and fat, cooked, broiled","""pork shoulder"""
167852,"Pork, fresh, shoulder, blade, boston (roasts), separable lean only, cooked, roasted","""pork shoulder"""
167853,"Pork, fresh, spareribs, separable lean and fat, raw","""pork"""
167854,"Pork, fresh, spareribs, separable lean and fat, cooked, braised","""pork rib"""
167855,"Pork, fresh, composite of trimmed retail cuts (leg, loin, and shoulder), separable lean only, cooked","""pork"""
167856,"Pork, fresh, variety meats and by-products, chitterlings, cooked, simmered","""chitterlings"""
167857,"Pork, fresh, variety meats and by-products, ears, frozen, raw","""pork ear"""
167858,"Pork, fresh, variety meats and by-products, ears, frozen, cooked, simmered","""pork ear"""
167859,"Pork, fresh, variety meats and by-products, feet, raw","""pork foot"""
167860,"Pork, fresh, variety meats and by-products, kidneys, cooked, braised","""kidney"""
167861,"Pork, fresh, variety meats and by-products, leaf fat, raw","""pork fat"""
167862,"Pork, fresh, variety meats and by-products, liver, raw","""liver"""
167863,"Pork, fresh, variety meats and by-products, liver, cooked, braised","""liver"""
167864,"Pork, fresh, variety meats and by-products, lungs, raw","""pork lung"""
167865,"Pork, fresh, variety meats and by-products, spleen, raw","""spleen"""
167866,"Pork, fresh, variety meats and by-products, spleen, cooked, braised","""spleen"""
167867,"Pork, fresh, variety meats and by-products, stomach, raw","""pork stomach"""
167868,"Pork, fresh, loin, blade (chops), bone-in, separable lean only, cooked, pan-fried","""pork loin"""
167869,"Canadian bacon, unprepared","""canadian bacon"""
167870,"Pork, cured, feet, pickled","""pork feet"""
167871,"Pork, cured, ham, boneless, extra lean (approximately 5% fat), roasted","""ham"""
167872,"Pork, cured, ham, boneless, regular (approximately 11% fat), roasted","""ham"""
167873,"Pork, cured, ham, patties, unheated","""ham"""
167874,"Pork, cured, ham, steak, boneless, extra lean, unheated","""ham"""
167875,"Pork, cured, ham, whole, separable lean and fat, unheated","""ham"""
167876,"Pork, cured, ham, whole, separable lean only, unheated","""ham"""
167877,"Pork, cured, separable fat (from ham and arm picnic), unheated","""ham"""
167878,"Pork, cured, separable fat (from ham and arm picnic), roasted","""ham"""
167879,"Pork, cured, shoulder, arm picnic, separable lean and fat, roasted","""pork shoulder"""
167880,"Pork, cured, shoulder, arm picnic, separable lean only, roasted","""pork shoulder"""
167881,"Pork, fresh, variety meats and by-products, tail, cooked, simmered","""pork tail"""
167882,"Pork, fresh, loin, center loin (chops), bone-in, separable lean only, cooked, pan-fried","""pork loin"""
167883,"Pork, fresh, loin, center rib (chops), bone-in, separable lean only, cooked, pan-fried","""pork loin"""
167884,"Pork, fresh, loin, blade (chops), bone-in, separable lean and fat, cooked, pan-fried","""pork loin"""
167885,"Pork, cured, ham, extra lean and regular, canned, unheated","""ham"""
167886,"Pork, cured, ham, extra lean and regular, canned, roasted","""ham"""
167887,"Pork, fresh, loin, top loin (chops), boneless, separable lean and fat, cooked, pan-fried","""pork loin"""
167888,"Pork, fresh, composite of trimmed retail cuts (leg, loin, shoulder, and spareribs), separable lean and fat, raw","""pork"""
167889,"Pork, fresh, loin, center rib (chops or roasts), boneless, separable lean and fat, raw","""pork loin"""
167890,"Pork, fresh, loin, center rib (chops), boneless, separable lean and fat, cooked, braised","""pork loin"""
167891,"Pork, fresh, loin, center rib (chops), boneless, separable lean and fat, cooked, broiled","""pork loin"""
167892,"Pork, fresh, loin, center rib (chops), boneless, separable lean and fat, cooked, pan-fried","""pork loin"""
167893,"Pork, fresh, loin, center rib (chops), boneless, separable lean only, cooked, pan-fried","""pork loin"""
167894,"Pork, fresh, loin, center rib (roasts), boneless, separable lean only, cooked, roasted","""pork loin"""
167895,"Pork, fresh, loin, country-style ribs, separable lean and fat, raw","""pork loin"""
167896,"Pork, fresh, loin, country-style ribs, separable lean and fat, cooked, braised","""pork loin"""
167897,"Pork, fresh, loin, country-style ribs, separable lean and fat, bone-in, cooked, roasted","""pork loin"""
167898,"Pork, fresh, loin, sirloin (chops), boneless, separable lean and fat, cooked, braised","""pork loin"""
167899,"Pork, fresh, loin, sirloin (chops), boneless, separable lean and fat, cooked, broiled","""pork loin"""
167900,"Pork, fresh, loin, sirloin (roasts), boneless, separable lean and fat, cooked, roasted","""pork loin"""
167901,"Pork, fresh, loin, sirloin (chops or roasts), boneless, separable lean only, raw","""pork loin"""
167902,"Pork, fresh, ground, raw","""ground pork"""
167903,"Pork, fresh, ground, cooked","""ground pork"""
167904,"Pork, fresh, loin, tenderloin, separable lean and fat, cooked, broiled","""pork tenderloin"""
167905,"Pork, fresh, loin, tenderloin, separable lean and fat, cooked, roasted","""pork tenderloin"""
167906,"Pork, fresh, composite of trimmed retail cuts (loin and shoulder blade), separable lean and fat, cooked","""pork"""
167907,"Pork, fresh, composite of trimmed retail cuts (loin and shoulder blade), separable lean only, raw","""pork"""
167908,"Pork, fresh, composite of trimmed retail cuts (loin and shoulder blade), separable lean only, cooked","""pork"""
167909,"HORMEL, Cure 81 Ham","""ham"""
167910,"HORMEL ALWAYS TENDER, Pork Tenderloin, Teriyaki-Flavored","""pork tenderloin"""
167911,HORMEL Canadian Style Bacon,"""bacon"""
167912,"Pork, fresh, loin, top loin (chops), boneless, separable lean only, with added solution, cooked, pan-broiled","""pork loin"""
167913,"Pork, fresh, loin, top loin (chops), boneless, separable lean and fat, with added solution, cooked, pan-broiled","""pork loin"""
167914,"Pork, cured, bacon, cooked, baked","""bacon"""
167915,"Pork, cured, ham -- water added, rump, bone-in, separable lean only, heated, roasted","""ham"""
167916,"Pork, cured, ham -- water added, rump, bone-in, separable lean only, unheated","""ham"""
167917,"Pork, cured, ham -- water added, shank, bone-in, separable lean only, heated, roasted","""ham"""
167918,"Pork, cured, ham -- water added, slice, bone-in, separable lean only, heated, pan-broil","""ham"""
167919,"Pork, cured, ham with natural juices, rump, bone-in, separable lean only, heated, roasted","""ham"""
167920,"Pork, cured, ham with natural juices, shank, bone-in, separable lean only, heated, roasted","""ham"""
167921,"Pillsbury Grands, Buttermilk Biscuits, refrigerated dough","""biscuit mix"""
167922,"Heinz, Weight Watcher, Chocolate Eclair, frozen","""chocolate eclair"""
167923,"Interstate Brands Corp, Wonder Hamburger Rolls","""hamburger"""
167924,"Nabisco, Nabisco Snackwell's Fat Free Devil's Food Cookie Cakes","""devil's food cake mix"""
167925,"Crackers, cheese, sandwich-type with cheese filling","""cheese"""
167926,"Pancakes, plain, frozen, ready-to-heat, microwave (includes buttermilk)","""buttermilk"""
167927,"Toaster Pastries, fruit, frosted (include apples, blueberry, cherry, strawberry)","""apple blueberry cherry strawberry frosting"""
167928,"Toaster pastries, fruit, toasted (include apple, blueberry, cherry, strawberry)","""apple blueberry cherry strawberry"""
167929,"Muffin, blueberry, commercially prepared, low-fat","""blueberry"""
167930,"Pie crust, refrigerated, regular, baked","""pie crust"""
167931,"Pie crust, deep dish, frozen, baked, made with enriched flour","""pie crust"""
167932,"Pie crust, refrigerated, regular, unbaked","""pie crust"""
167933,"Crackers, whole-wheat, reduced fat","""whole wheat cracker"""
167934,"Crackers, wheat, reduced fat","""wheat cracker"""
167935,"Bread, pan dulce, sweet yeast bread","""bread"""
167936,"Keikitos (muffins), Latino bakery item","""muffin"""
167937,"Cake, pound, Bimbo Bakeries USA, Panque Casero, home baked style","""cake mix"""
167938,"Pan Dulce, La Ricura, Salpora de Arroz con Azucar, cookie-like, contains wheat flour and rice flour","""rice flour"""
167939,"Garlic bread, frozen","""garlic bread"""
167940,"Cinnamon buns, frosted (includes honey buns)","""cinnamon buns"""
167941,"Crackers, cheese, reduced fat","""cheese"""
167942,"Crackers, saltines, whole wheat (includes multi-grain)","""saltine cracker"""
167943,"Bread, potato","""potato"""
167944,"Bread, cheese","""bread cheese"""
167945,"Focaccia, Italian flatbread, plain","""focaccia"""
167946,"SCHIFF,TIGER'S MILK BAR","""milk bar"""
167947,"Candies, TOBLERONE, milk chocolate with honey and almond nougat","""milk chocolate"""
167948,"Snacks, corn-based, extruded, onion-flavor","""corn chip"""
167949,"Snacks, corn-based, extruded, puffs or twists, cheese-flavor","""cheese flavor corn puff"""
167950,"Snacks, KRAFT, CORNNUTS, plain","""cornnut"""
167951,"Snacks, crisped rice bar, chocolate chip","""crisped rice chocolate chip"""
167952,"Snacks, granola bars, hard, chocolate chip","""chocolate chip"""
167953,Fruit syrup,"""syrup"""
167954,"Snacks, granola bars, soft, uncoated, plain","""granola"""
167955,"Snacks, granola bars, soft, uncoated, peanut butter","""peanut butter"""
167956,"Topping, SMUCKER'S MAGIC SHELL","""magic shell"""
167957,"Syrup, fruit flavored","""fruit flavoring"""
167958,"Snacks, oriental mix, rice-based","""rice mix"""
167959,"Snacks, popcorn, air-popped","""popcorn"""
167960,"Snacks, popcorn, cheese-flavor","""cheese"""
167961,"Snacks, pork skins, plain","""pork skin"""
167962,"Snacks, potato chips, barbecue-flavor","""barbecue-flavored potato chip"""
167963,"Snacks, potato chips, sour-cream-and-onion-flavor","""potato chip"""
167964,"Snacks, M&M MARS, COMBOS Snacks Cheddar Cheese Pretzel","""cheddar cheese"""
167965,"Snacks, pretzels, hard, whole-wheat including both salted and unsalted","""pretzel"""
167966,"Snacks, rice cracker brown rice, plain","""brown rice"""
167967,"Snacks, rice cakes, brown rice, buckwheat","""brown rice"""
167968,"Snacks, trail mix, tropical","""tropical trail mix"""
167969,"Snacks, trail mix, regular, with chocolate chips, salted nuts and seeds","""chocolate chip"""
167970,"Snacks, tortilla chips, taco-flavor","""taco seasoning"""
167971,"Candies, TOOTSIE ROLL, chocolate-flavor roll","""chocolate candy"""
167972,"Candies, butterscotch","""butterscotch"""
167973,"Candies, carob, unsweetened","""carob"""
167974,"Candies, caramels","""caramel topping"""
167975,"Candies, CARAMELLO Candy Bar","""caramel topping"""
167976,"Candies, semisweet chocolate","""chocolate"""
167977,"Candies, sweet chocolate","""chocolate candy"""
167978,"Candies, sweet chocolate coated fondant","""chocolate"""
167979,"Candies, HERSHEY'S GOLDEN ALMOND SOLITAIRES","""almond"""
167980,"Candies, confectioner's coating, butterscotch","""butterscotch coating"""
167981,"Ice creams, french vanilla, soft-serve","""vanilla ice cream"""
167982,"Candies, YORK Peppermint Pattie","""peppermint"""
167983,"Candies, TWIZZLERS NIBS CHERRY BITS","""cherry bit"""
167984,"Candies, SYMPHONY Milk Chocolate Bar","""milk chocolate"""
167985,"Candies, 5TH AVENUE Candy Bar","""candy"""
167986,"Candies, fondant, prepared-from-recipe","""candy"""
167987,"Candies, fudge, chocolate, prepared-from-recipe","""chocolate"""
167988,"Candies, fudge, chocolate, with nuts, prepared-from-recipe","""chocolate chip"""
167989,"Candies, gumdrops, starch jelly pieces","""gumdrop"""
167990,"Candies, hard","""hard candy"""
167991,"Candies, jellybeans","""jellybean"""
167992,"Candies, KIT KAT Wafer Bar","""chocolate wafer"""
167993,"Candies, KRACKEL Chocolate Bar","""chocolate bar"""
167994,"Candies, MARS SNACKFOOD US, MARS Almond Bar","""almond"""
167995,"Candies, marshmallows","""marshmallow"""
167996,"Candies, halavah, plain","""halavah"""
167997,"Candies, NESTLE, OH HENRY! Bar","""chocolate candy"""
167998,"Puddings, chocolate, dry mix, instant, prepared with 2% milk","""chocolate pudding mix"""
167999,"Baking chocolate, mexican, squares","""baking chocolate"""
168000,Chocolate-flavored hazelnut spread,"""hazelnut spread"""
168001,"Candies, milk chocolate coated peanuts","""milk chocolate coated peanuts \u2192 peanut"""
168002,"Glutino, Gluten Free Wafers, Lemon Flavored","""gluten free wafers"""
168003,"Glutino, Gluten Free Wafers, Milk Chocolate","""milk chocolate"""
168004,"Mary's Gone Crackers, Original Crackers, Organic Gluten Free","""cracker"""
168005,"Pepperidge Farm, Goldfish, Baked Snack Crackers, Cheddar","""cheddar cheese"""
168006,"Pepperidge Farm, Goldfish, Baked Snack Crackers, Explosive Pizza","""cracker"""
168007,"Sage Valley, Gluten Free Vanilla Sandwich Cookies","""gluten free vanilla sandwich cookie"""
168008,"Schar, Gluten-Free, Classic White Rolls","""gluten-free bread"""
168009,"Schar, Gluten-Free, Wheat-Free, Classic White Bread","""gluten-free bread"""
168010,"Udi's, Gluten Free, Classic French Dinner Rolls","""dinner roll"""
168011,"Van's, Gluten Free, Totally Original Waffles","""gluten free flour"""
168012,"Van's, The Perfect 10, Crispy Six Whole Grain + Four Seed Baked Crackers, Gluten Free","""baked cracker"""
168013,"Bread, multi-grain (includes whole-grain)","""whole grain flour"""
168014,"Cookies, animal crackers (includes arrowroot, tea biscuits)","""animal cracker"""
168015,"Sweet Potatoes, french fried, crosscut, frozen, unprepared","""sweet potato"""
168016,"Sweet Potato puffs, frozen, unprepared","""sweet potato"""
168017,"Mouse nuts, roots (Alaska Native)","""nut"""
168018,"Mouse nuts, seedlings (Alaska Native)","""alaskan nut seedlings"""
168019,Octopus (Alaska Native),"""octopus"""
168020,"Seal, bearded (Oogruk), meat, dried (Alaska Native)","""dried meat"""
168021,"Fish, pike, northern, liver (Alaska Native)","""pike liver"""
168022,"Rhubarb, wild, leaves (Alaska Native)","""rhubarb"""
168023,"Fish, salmon, tipnuk, fermented (Alaska Native)","""salmon"""
168024,"Fish, salmon, king, chinook, kippered, canned (Alaska Native)","""salmon"""
168025,"Seal, ringed, meat (Alaska Native)","""meat"""
168026,"Seal, ringed, liver (Alaska Native)","""liver"""
168027,"Soup, fish, homemade (Alaska Native)","""fish"""
168028,"Sourdock, young leaves (Alaska Native)","""sourdock"""
168029,"Walrus, meat, raw (Alaska Native)","""raw meat"""
168030,"Walrus, meat and subcutaneous fat raw (Alaska Native)","""beef"""
168031,"Walrus, liver, raw (Alaska Native)","""liver"""
168032,"Oil, walrus (Alaska Native)","""oil"""
168033,"Fish, whitefish, mixed species, raw (Alaska Native)","""whitefish"""
168034,"Fish, whitefish, broad, head, eyes, cheeks and soft bones (Alaska Native)","""whitefish"""
168035,"Willow, leaves in oil (Alaska Native)","""willow bark"""
168036,"Willow, young leaves, chopped (Alaska Native)","""willow leaf"""
168037,"Corn, white, steamed (Navajo)","""corn"""
168038,"Cornmeal, white (Navajo)","""cornmeal"""
168039,"Cornmeal, yellow (Navajo)","""cornmeal"""
168040,"Squash, Indian, raw (Navajo)","""squash"""
168041,"Tortilla, includes plain and from mutton sandwich (Navajo)","""tortilla"""
168042,"Stew, dumpling with mutton (Navajo)","""mutton"""
168043,"Stew, hominy with mutton (Navajo)","""hominy"""
168044,"Stew, mutton, corn, squash (Navajo)","""mutton"""
168045,"Fish, salmon, sockeye (red), raw (Alaska Native)","""salmon"""
168046,"Fish, Salmon, Chum, raw (Alaska Native)","""salmon"""
168047,"Fish, salmon, king (chinook), raw (Alaska Native)","""salmon"""
168048,"Salmonberries, raw (Alaska Native)","""salmonberry"""
168049,"Caribou, shoulder meat, dried (Alaska Native)","""shoulder meat"""
168050,"Caribou, hind quarter meat, raw (Alaska Native)","""hind quarter meat"""
168051,"Seal, bearded (Oogruk), meat, dried, in oil (Alaska Native)","""dried bearded seal meat"""
168052,"Fish, whitefish, dried (Alaska Native)","""whitefish"""
168053,"Seal, bearded (Oogruk), meat, low quadrant, raw (Alaska Native)","""bearded seal meat"""
168054,"Fish, salmon, chum, dried (Alaska Native)","""salmon"""
168055,"Elk, free range, ground, cooked patties (Shoshone Bannock)","""ground beef"""
168056,"Elk, free range, ground, raw (Shoshone Bannock)","""ground beef"""
168057,"Elk, free range, roast, eye of round, cooked (Shoshone Bannock)","""eye of round"""
168058,"Chokecherries, raw, pitted (Shoshone Bannock)","""chokecherry"""
168059,"Steelhead trout, dried, flesh (Shoshone Bannock)","""trout"""
168060,"Steelhead trout, boiled, canned (Alaska Native)","""trout"""
168061,Acorn stew (Apache),"""acorn"""
168062,"Restaurant, Italian, chicken parmesan without pasta","""chicken"""
168063,"Restaurant, Latino, arroz con leche (rice pudding)","""rice pudding"""
168064,"Restaurant, Latino, Arroz con frijoles negros (rice and black beans)","""black bean"""
168065,"Restaurant, Latino, Arroz con habichuelas colorados (Rice And Red Beans)","""red bean"""
168066,"Restaurant, Latino, Arroz con grandules (rice and pigeonpeas)","""pigeonpea"""
168067,"Restaurant, Latino, tamale, pork","""pork"""
168068,"Restaurant, Latino, black bean soup","""black bean"""
168069,"Restaurant, Latino, tripe soup","""tripe"""
168070,"Restaurant, Latino, arepa (unleavened cornmeal bread)","""cornmeal"""
168071,"Restaurant, Latino, bunuelos (fried yeast bread)","""yeast"""
168072,"Restaurant, Chinese, beef and vegetables","""beef"""
168073,"CRACKER BARREL, chicken tenderloin platter, fried, from kid's menu","""chicken tenderloin"""
168074,"CRACKER BARREL, country fried shrimp platter","""shrimp"""
168075,"CRACKER BARREL, farm raised catfish platter","""catfish"""
168076,"DENNY'S, mozzarella cheese sticks","""mozzarella"""
168077,"DENNY'S, golden fried shrimp","""shrimp"""
168078,"DENNY'S, macaroni & cheese, from kid's menu","""macaroni and cheese"""
168079,"DENNY'S, chicken nuggets, star shaped, from kid's menu","""chicken nugget"""
168080,"Restaurant, Chinese, shrimp and vegetables","""shrimp"""
168081,"Restaurant, Chinese, sweet and sour chicken","""sweet and sour sauce"""
168082,"Restaurant, Chinese, sweet and sour pork","""pork"""
168083,"Restaurant, Chinese, chicken chow mein","""chicken"""
168084,"Restaurant, Chinese, vegetable chow mein, without meat or noodles","""vegetable"""
168085,"OLIVE GARDEN, spaghetti with meat sauce","""spaghetti with meat sauce"""
168086,"CARRABBA'S ITALIAN GRILL, spaghetti with meat sauce","""spaghetti"""
168087,"Restaurant, Chinese, sesame chicken","""sesame chicken"""
168088,"Syrups, grenadine","""grenadine syrup"""
168089,"Imitation cheese, american or cheddar, low cholesterol","""imitation cheese"""
168090,"Babyfood, banana juice with low fat yogurt","""banana juice yogurt"""
168091,"Babyfood, mixed fruit juice with low fat yogurt","""mixed fruit juice with low fat yogurt \u2192 fruit juice yogurt"""
168092,"Ham, turkey, sliced, extra lean, prepackaged or deli","""ham"""
168093,"Salad dressing, peppercorn dressing, commercial, regular","""peppercorn dressing"""
168094,"Mayonnaise, reduced-calorie or diet, cholesterol-free","""mayonnaise"""
168095,"Granola bar, soft, milk chocolate coated, peanut butter","""milk chocolate"""
168096,"Salad dressing, italian dressing, reduced calorie","""italian dressing"""
168097,"Cream substitute, liquid, light","""light cream substitute"""
168098,"Cheese, monterey, low fat","""monterey jack cheese"""
168099,"Creamy dressing, made with sour cream and/or buttermilk and oil, reduced calorie, fat-free","""sour cream"""
168100,"Creamy dressing, made with sour cream and/or buttermilk and oil, reduced calorie, cholesterol-free","""sour cream"""
168101,"Bologna, beef, low fat","""beef"""
168102,"Candies, MARS SNACKFOOD US, TWIX chocolate fudge cookie bars","""chocolate fudge cookie"""
168103,"Frozen yogurts, chocolate, nonfat milk, sweetened without sugar","""chocolate"""
168104,"Frozen yogurts, chocolate","""chocolate"""
168105,"Frozen yogurts, flavors other than chocolate","""yogurt"""
168106,Papad,"""papad"""
168107,"Rice cake, cracker (include hain mini rice cakes)","""rice cracker"""
168108,"Candies, MARS SNACKFOOD US, M&M's Almond Chocolate Candies","""almond chocolate candy"""
168109,"Salad Dressing, coleslaw, reduced fat","""salad dressing"""
168110,"Pork, cured, ham, low sodium, lean and fat, cooked","""ham"""
168111,"Pork, cured, ham, boneless, low sodium, extra lean (approximately 5% fat), roasted","""ham"""
168112,"Salad dressing, mayonnaise and mayonnaise-type, low calorie","""mayonnaise"""
168113,"Frozen novelties, juice type, orange","""orange juice"""
168114,"Cheese, cottage, lowfat, 1% milkfat, no sodium added","""cottage cheese"""
168115,"Mayonnaise, low sodium, low calorie or diet","""mayonnaise"""
168116,"Snacks, tortilla chips, unsalted, white corn","""white corn"""
168117,"Cranberry juice, unsweetened","""cranberry juice"""
168118,"Beef, bologna, reduced sodium","""beef"""
168119,"Turnip greens, canned, no salt added","""turnip greens"""
168120,"Turkey, light or dark meat, smoked, cooked, with skin, bone removed","""turkey"""
168121,"Cheese, pasteurized process, cheddar or American, low sodium","""cheddar cheese"""
168122,"Beverages, coffee, instant, with whitener, reduced calorie","""instant coffee"""
168123,"Beverages, cranberry-apple juice drink, low calorie, with vitamin C added","""cranberry apple juice"""
168124,"Cheese, swiss, low sodium","""swiss cheese"""
168125,"Babyfood, dinner, macaroni, beef and tomato sauce, toddler","""beef"""
168126,"Rolls, pumpernickel","""pumpernickel"""
168127,"Snacks, corn-based, extruded, chips, unsalted","""corn chip"""
168128,"Beans, baked, canned, no salt added","""bean"""
168129,"Jellyfish, dried, salted","""dried jellyfish"""
168130,"Frozen novelties, ice cream type, chocolate or caramel covered, with nuts","""chocolate candy"""
168131,"Frankfurter, low sodium","""frankfurter"""
168132,"Frozen novelties, ice type, pop, with low calorie sweetener","""ice pop"""
168133,"Babyfood, dessert, peach yogurt","""peach yogurt"""
168134,"Babyfood, dessert, blueberry yogurt, strained","""blueberry"""
168135,"Babyfood, dessert, banana yogurt, strained","""banana yogurt"""
168136,"Ice creams, chocolate, rich","""chocolate"""
168137,"Snacks, tortilla chips, light (baked with less oil)","""tortilla chip"""
168138,"Cereals ready-to-eat, POST, HONEY BUNCHES OF OATS, honey roasted","""oat"""
168139,"Popcorn, microwave, low fat and sodium","""popcorn"""
168140,"Babyfood, fruit supreme dessert","""fruit"""
168141,"Cheese, swiss, low fat","""swiss cheese"""
168142,"Sweeteners, tabletop, fructose, liquid","""fructose"""
168143,"Puddings, chocolate flavor, low calorie, instant, dry mix","""chocolate pudding mix"""
168144,"Babyfood, grape juice, no sugar, canned","""grape juice"""
168145,"Jellies, reduced sugar, home preserved","""jelly"""
168146,"Puddings, all flavors except chocolate, low calorie, instant, dry mix","""instant pudding mix"""
168147,Vital wheat gluten,"""vital wheat gluten"""
168148,"Frog legs, raw","""frog legs"""
168149,"Fish, mackerel, salted","""mackerel"""
168150,"Java-plum, (jambolan), raw","""jambolan"""
168151,"Jujube, raw","""jujube"""
168152,"Jujube, Chinese, fresh, dried","""jujube"""
168153,"Kiwifruit, green, raw","""kiwifruit"""
168154,"Kumquats, raw","""kumquat"""
168155,"Limes, raw","""lime"""
168156,"Lime juice, raw","""lime juice"""
168157,"Lime juice, canned or bottled, unsweetened","""lime juice"""
168158,"Blueberries, dried, sweetened","""blueberry"""
168159,"Prunes, canned, heavy syrup pack, solids and liquids","""prune"""
168160,"Prunes, dehydrated (low-moisture), uncooked","""prune"""
168161,"Prunes, dehydrated (low-moisture), stewed","""prune"""
168162,"Plums, dried (prunes), uncooked","""prune"""
168163,"Quinces, raw","""quince"""
168164,"Raisins, golden, seedless","""raisin"""
168165,"Raisins, dark, seedless (Includes foods for USDA's Food Distribution Program)","""raisin"""
168166,"Raisins, seeded","""raisin"""
168167,"Rambutan, canned, syrup pack","""rambutan"""
168168,"Rhubarb, frozen, uncooked","""rhubarb"""
168169,"Rhubarb, frozen, cooked, with sugar","""rhubarb"""
168170,"Roselle, raw","""roselle"""
168171,"Rose-apples, raw","""apple"""
168172,"Strawberries, canned, heavy syrup pack, solids and liquids","""strawberry"""
168173,"Strawberries, frozen, unsweetened (Includes foods for USDA's Food Distribution Program)","""strawberry"""
168174,"Strawberries, frozen, sweetened, sliced","""strawberry"""
168175,"Sugar-apples, (sweetsop), raw","""sugar apple"""
168176,"Feijoa, raw","""feijoa"""
168177,"Pears, asian, raw","""pear"""
168178,"Fruit cocktail, canned, heavy syrup, drained","""fruit"""
168179,"Blueberries, canned, light syrup, drained","""blueberry"""
168180,"Blueberries, wild, canned, heavy syrup, drained","""blueberry"""
168181,"Peaches, canned, heavy syrup, drained","""peach"""
168182,"Pears, canned, heavy syrup, drained","""pear"""
168183,"Plums, canned, heavy syrup, drained","""plum"""
168184,"Tangerines, (mandarin oranges), canned, juice pack, drained","""tangerine juice"""
168185,"Peach nectar, canned, with added ascorbic acid","""peach nectar"""
168186,"Pear nectar, canned, with added ascorbic acid","""pear nectar"""
168187,"Pineapple juice, canned or bottled, unsweetened, with added ascorbic acid","""pineapple juice"""
168188,"Apple juice, frozen concentrate, unsweetened, undiluted, with added ascorbic acid","""apple juice"""
168189,"Grapefruit juice, white, bottled, unsweetened, OCEAN SPRAY","""grape juice"""
168190,"Jackfruit, canned, syrup pack","""jackfruit"""
168191,"Dates, medjool","""date"""
168192,"Durian, raw or frozen","""durian"""
168193,"Pineapple, raw, traditional varieties","""pineapple"""
168194,"Pineapple, raw, extra sweet variety","""pineapple"""
168195,"Clementines, raw","""clementine"""
168196,"Guanabana nectar, canned","""guanabana"""
168197,"Juice, apple and grape blend, with added ascorbic acid","""apple grape juice"""
168198,"Juice, apple, grape and pear blend, with added ascorbic acid and calcium","""apple grape pear juice"""
168199,"Plantains, green, fried","""plantain"""
168200,"Plantains, yellow, fried, Latino restaurant","""plantain"""
168201,"Apples, raw, red delicious, with skin (Includes foods for USDA's Food Distribution Program)","""apple"""
168202,"Apples, raw, golden delicious, with skin","""apple"""
168203,"Apples, raw, granny smith, with skin (Includes foods for USDA's Food Distribution Program)","""apple"""
168204,"Apples, raw, gala, with skin (Includes foods for USDA's Food Distribution Program)","""apple"""
168205,"Pineapple juice, canned, not from concentrate, unsweetened, with added vitamins A, C and E","""pineapple juice"""
168206,"Fruit juice smoothie, NAKED JUICE, BLUE MACHINE","""fruit juice"""
168207,"Grape juice, canned or bottled, unsweetened, with added ascorbic acid and calcium","""grape juice"""
168208,"Fruit juice smoothie, ODWALLA, ORIGINAL SUPERFOOD","""fruit juice"""
168209,"Raspberries, frozen, red, unsweetened","""raspberry"""
168210,"Guava nectar, with sucralose, canned","""guava"""
168211,"Kiwifruit, ZESPRI SunGold, raw","""kiwifruit"""
168212,"Cranberry juice blend, 100% juice, bottled, with added vitamin C and calcium","""cranberry juice"""
168213,"Fruit juice smoothie, ODWALLA, strawberry banana","""strawberry banana juice"""
168214,"Fruit juice smoothie, NAKED JUICE, strawberry banana","""strawberry banana juice"""
168215,"Plantains, green, raw","""plantain"""
168216,"Plantains, green, boiled","""plantain"""
168217,Raspberry juice concentrate,"""raspberry juice concentrate"""
168218,"Pork, fresh, composite of separable fat, with added solution, cooked","""pork"""
168219,"Pork, fresh, carcass, separable lean and fat, raw","""pork"""
168220,"Pork, fresh, composite of trimmed retail cuts (leg, loin, shoulder), separable lean only, raw","""pork"""
168221,"Pork, fresh, separable fat, cooked","""pork"""
168222,"Pork, fresh, leg (ham), whole, separable lean and fat, raw","""pork"""
168223,"Pork, fresh, leg (ham), whole, separable lean and fat, cooked, roasted","""pork"""
168224,"Pork, fresh, leg (ham), whole, separable lean only, raw","""pork"""
168225,"Pork, fresh, leg (ham), whole, separable lean only, cooked, roasted","""pork"""
168226,"Pork, fresh, leg (ham), shank half, separable lean and fat, raw","""pork shank"""
168227,"Pork, fresh, leg (ham), shank half, separable lean and fat, cooked, roasted","""pork shank"""
168228,"Pork, fresh, leg (ham), shank half, separable lean only, raw","""pork"""
168229,"Pork, fresh, leg (ham), shank half, separable lean only, cooked, roasted","""pork"""
168230,"Pork, fresh, loin, whole, separable lean only, raw","""pork"""
168231,"Pork, fresh, loin, whole, separable lean only, cooked, braised","""pork loin"""
168232,"Pork, fresh, loin, whole, separable lean only, cooked, broiled","""pork loin"""
168233,"Pork, fresh, loin, whole, separable lean only, cooked, roasted","""pork loin"""
168234,"Pork, fresh, loin, blade (chops or roasts), bone-in, separable lean only, raw","""pork loin"""
168235,"Pork, fresh, loin, blade (chops), bone-in, separable lean only, cooked, braised","""pork loin"""
168236,"Pork, fresh, loin, blade (chops), bone-in, separable lean only, cooked, broiled","""pork loin"""
168237,"Pork, fresh, loin, blade (roasts), bone-in, separable lean only, cooked, roasted","""pork loin"""
168238,"Pork, fresh, loin, center loin (chops), bone-in, separable lean and fat, raw","""pork loin"""
168239,"Pork, fresh, loin, center loin (chops), bone-in, separable lean only, cooked, braised","""pork loin"""
168240,"Pork, fresh, loin, center loin (chops), bone-in, separable lean only, cooked, broiled","""pork loin"""
168241,"Pork, fresh, loin, center loin (roasts), bone-in, separable lean only, cooked, roasted","""pork loin"""
168242,"Pork, fresh, loin, center rib (chops or roasts), bone-in, separable lean and fat, raw","""pork loin"""
168243,"Pork, fresh, loin, center rib (chops), bone-in, separable lean only, cooked, braised","""pork loin"""
168244,"Pork, fresh, loin, center rib (chops), bone-in, separable lean only, cooked, broiled","""pork loin"""
168245,"Pork, fresh, loin, center rib (roasts), bone-in, separable lean only, cooked, roasted","""pork loin"""
168246,"Pork, fresh, loin, sirloin (chops or roasts), bone-in, separable lean and fat, raw","""pork loin"""
168247,"Pork, fresh, loin, sirloin (chops), bone-in, separable lean only, cooked, broiled","""pork loin"""
168248,"Pork, fresh, loin, sirloin (roasts), bone-in, separable lean only, cooked, roasted","""pork loin"""
168249,"Pork, fresh, loin, tenderloin, separable lean only, raw","""pork tenderloin"""
168250,"Pork, fresh, loin, tenderloin, separable lean only, cooked, roasted","""pork tenderloin"""
168251,"Pork, fresh, loin, top loin (chops), boneless, separable lean only, raw","""pork loin"""
168252,"Pork, fresh, loin, top loin (chops), boneless, separable lean only, cooked, braised","""pork loin"""
168253,"Pork, fresh, loin, top loin (chops), boneless, separable lean only, cooked, broiled","""pork loin"""
168254,"Pork, fresh, loin, top loin (roasts), boneless, separable lean only, cooked, roasted","""pork loin"""
168255,"Pork, fresh, shoulder, arm picnic, separable lean and fat, raw","""pork shoulder"""
168256,"Pork, fresh, shoulder, arm picnic, separable lean and fat, cooked, braised","""pork shoulder"""
168257,"Pork, fresh, shoulder, arm picnic, separable lean and fat, cooked, roasted","""pork shoulder"""
168258,"Pork, fresh, shoulder, arm picnic, separable lean only, raw","""pork shoulder"""
168259,"Pork, fresh, shoulder, blade, boston (roasts), separable lean and fat, cooked, roasted","""pork shoulder"""
168260,"Pork, fresh, shoulder, (Boston butt), blade (steaks), separable lean only, raw","""pork shoulder"""
168261,"Pork, fresh, shoulder, (Boston butt), blade (steaks), separable lean only, cooked, braised","""pork shoulder"""
168262,"Pork, fresh, shoulder, blade, boston (steaks), separable lean only, cooked, broiled","""pork shoulder"""
168263,"Pork, fresh, loin, center loin (chops), boneless, separable lean only, raw","""pork loin"""
168264,"Pork, fresh, variety meats and by-products, brain, raw","""pork brain"""
168265,"Pork, fresh, variety meats and by-products, brain, cooked, braised","""pork brain"""
168266,"Pork, fresh, variety meats and by-products, chitterlings, raw","""chitterlings"""
168267,"Pork, fresh, variety meats and by-products, heart, raw","""pork heart"""
168268,"Pork, fresh, variety meats and by-products, heart, cooked, braised","""pork heart"""
168269,"Pork, fresh, variety meats and by-products, jowl, raw","""pork jowl"""
168270,"Pork, fresh, variety meats and by-products, kidneys, raw","""kidney"""
168271,"Pork, fresh, variety meats and by-products, lungs, cooked, braised","""pork lung"""
168272,"Pork, fresh, variety meats and by-products, mechanically separated, raw","""pork"""
168273,"Pork, fresh, variety meats and by-products, pancreas, raw","""pancreas"""
168274,"Pork, fresh, variety meats and by-products, pancreas, cooked, braised","""pancreas"""
168275,"Pork, fresh, variety meats and by-products, tongue, raw","""pork tongue"""
168276,"Pork, fresh, variety meats and by-products, tongue, cooked, braised","""pork tongue"""
168277,"Pork, cured, bacon, unprepared","""bacon"""
168278,"Pork, cured, breakfast strips, raw or unheated","""pork"""
168279,"Pork, cured, ham, extra lean (approximately 4% fat), canned, unheated","""ham"""
168280,"Pork, cured, ham, extra lean (approximately 4% fat), canned, roasted","""ham"""
168281,"Pork, cured, ham, regular (approximately 13% fat), canned, roasted","""ham"""
168282,"Pork, cured, ham, center slice, country-style, separable lean only, raw","""ham"""
168283,"Pork, cured, ham, center slice, separable lean and fat, unheated","""ham"""
168284,"Pork, cured, ham, whole, separable lean only, roasted","""ham"""
168285,"Pork, fresh, loin, center loin (chops), boneless, separable lean only, cooked, pan-broiled","""pork loin"""
168286,"Pork, fresh, loin, center loin (chops), boneless, separable lean and fat, raw","""pork loin"""
168287,"Pork, cured, salt pork, raw","""salt pork"""
168288,"Pork, cured, shoulder, blade roll, separable lean and fat, unheated","""pork shoulder"""
168289,"Pork, cured, shoulder, blade roll, separable lean and fat, roasted","""pork shoulder"""
168290,"Pork, fresh, variety meats and by-products, feet, cooked, simmered","""pork foot"""
168291,"Pork, fresh, variety meats and by-products, tail, raw","""pork tail"""
168292,"Pork, fresh, loin, center loin (chops), bone-in, separable lean and fat, cooked, pan-fried","""pork loin"""
168293,"Pork, fresh, loin, center rib (chops), bone-in, separable lean and fat, cooked, pan-fried","""pork loin"""
168294,"Pork, fresh, loin, top loin (chops), boneless, separable lean only, cooked, pan-fried","""pork loin"""
168295,"Pork, cured, ham, boneless, extra lean and regular, unheated","""ham"""
168296,"Pork, cured, ham, boneless, extra lean and regular, roasted","""ham"""
168297,"Pork, fresh, composite of trimmed retail cuts (leg, loin, shoulder, and spareribs), separable lean and fat, cooked","""pork"""
168298,"Pork, fresh, loin, center loin (chops), boneless, separable lean and fat, cooked, pan-broiled","""pork loin"""
168299,"Pork, fresh, backribs, separable lean and fat, raw","""pork"""
168300,"Pork, fresh, backribs, separable lean and fat, cooked, roasted","""pork rib"""
168301,"Pork, fresh, loin, center rib (roasts), boneless, separable lean and fat, cooked, roasted","""pork loin"""
168302,"Pork, fresh, loin, center rib (chops or roasts), boneless, separable lean only, raw","""pork"""
168303,"Pork, fresh, loin, center rib (chops), boneless, separable lean only, cooked, braised","""pork loin"""
168304,"Pork, fresh, loin, center rib (chops), boneless, separable lean only, cooked, broiled","""pork loin"""
168305,"Pork, fresh, loin, country-style ribs, separable lean only, raw","""pork loin"""
168306,"Pork, fresh, loin, country-style ribs, separable lean only, cooked, braised","""pork loin"""
168307,"Pork, fresh, loin, country-style ribs, separable lean only, bone-in, cooked, roasted","""pork loin"""
168308,"Pork, fresh, loin, sirloin (chops or roasts), boneless, separable lean and fat, raw","""pork loin"""
168309,"Pork, fresh, loin, sirloin (chops), boneless, separable lean only, cooked, braised","""pork loin"""
168310,"Pork, fresh, loin, sirloin (chops), boneless, separable lean only, cooked, broiled","""pork loin"""
168311,"Pork, fresh, loin, sirloin (roasts), boneless, separable lean only, cooked, roasted","""pork loin"""
168312,"Pork, fresh, loin, tenderloin, separable lean and fat, raw","""pork tenderloin"""
168313,"Pork, fresh, loin, tenderloin, separable lean only, cooked, broiled","""pork tenderloin"""
168314,"Pork, fresh, loin, top loin (roasts), boneless, separable lean and fat, raw","""pork loin"""
168315,"Pork, fresh, loin, top loin (roasts), boneless, separable lean only, raw","""pork"""
168316,"Pork, fresh, composite of trimmed retail cuts (loin and shoulder blade), separable lean and fat, raw","""pork"""
168317,"HORMEL ALWAYS TENDER, Pork Tenderloin, Peppercorn-Flavored","""pork tenderloin"""
168318,"HORMEL ALWAYS TENDER, Pork Loin Filets, Lemon Garlic-Flavored","""pork loin"""
168319,"HORMEL ALWAYS TENDER, Center Cut Chops, Fresh Pork","""pork"""
168320,"HORMEL ALWAYS TENDER, Boneless Pork Loin, Fresh Pork","""pork"""
168321,"Pork, cured, bacon, cooked, microwaved","""bacon"""
168322,"Pork, cured, bacon, pre-sliced, cooked, pan-fried","""bacon"""
168323,"Pork, fresh, variety meats and by-products, stomach, cooked, simmered","""pork stomach"""
168324,"Pork, bacon, rendered fat, cooked","""bacon fat"""
168325,"Pork, cured, ham and water product, slice, bone-in, separable lean only, heated, pan-broil","""ham"""
168326,"Pork, cured, ham and water product, slice, boneless, separable lean only, heated, pan-broil","""ham"""
168327,"Pork, cured, ham and water product, whole, boneless, separable lean only, heated, roasted","""ham"""
168328,"Pork, cured, ham and water product, whole, boneless, separable lean only, unheated","""ham"""
168329,"Pork, cured, ham -- water added, slice, boneless, separable lean only, heated, pan-broil","""ham"""
168330,"Pork, cured, ham with natural juices, slice, bone-in, separable lean only, heated, pan-broil","""ham"""
168331,"Pork, cured, ham with natural juices, spiral slice, meat only, boneless, separable lean only, heated, roasted","""ham"""
168332,"Pork, cured, ham and water product, rump, bone-in, separable lean only, heated, roasted","""ham"""
168333,"Pork, cured, ham with natural juices, slice, boneless, separable lean only, heated, pan-broil","""ham"""
168334,"Pork, cured, ham with natural juices, whole, boneless, separable lean only, heated, roasted","""ham"""
168335,"Pork, cured, ham with natural juices, whole, boneless, separable lean only, unheated","""ham"""
168336,"Pork, cured, ham -- water added, shank, bone-in, separable lean only, unheated","""ham"""
168337,"Pork, cured, ham with natural juices, rump, bone-in, separable lean only, unheated","""ham"""
168338,"Pork, cured, ham with natural juices, shank, bone-in, separable lean only, unheated","""ham"""
168339,"Pork, cured, ham with natural juices, slice, bone-in, separable lean only, unheated","""ham"""
168340,"Pork, cured, ham with natural juices, spiral slice, boneless, separable lean only, unheated","""ham"""
168341,"Pork, cured, ham with natural juices, spiral slice, boneless, separable lean and fat, unheated","""ham"""
168342,"Pork, cured, ham with natural juices, slice, bone-in, separable lean and fat, unheated","""ham"""
168343,"Pork, cured, ham with natural juices, shank, bone-in, separable lean and fat, unheated","""ham"""
168344,"Pork, cured, ham with natural juices, rump, bone-in, separable lean and fat, unheated","""ham"""
168345,"Pork, cured, ham -- water added, whole, boneless, separable lean and fat, unheated","""ham"""
168346,"Pork, cured, ham -- water added, slice, bone-in, separable lean and fat, unheated","""ham"""
168347,"Pork, cured, ham -- water added, shank, bone-in, separable lean and fat, unheated","""ham"""
168348,"Pork, cured, ham -- water added, rump, bone-in, separable lean and fat, unheated","""ham"""
168349,"Pork, cured, ham -- water added, whole, boneless, separable lean and fat, heated, roasted","""ham"""
168350,"Pork, cured, ham and water product, rump, bone-in, separable lean and fat, heated, roasted","""ham"""
168351,"Pork, cured, ham and water product, shank, bone-in, separable lean and fat, heated, roasted","""ham"""
168352,"Pork, cured, ham and water product, slice, bone-in, separable lean and fat, heated, pan-broil","""ham"""
168353,"Pork, cured, ham with natural juices, slice, boneless, separable lean and fat, heated, pan-broil","""ham"""
168354,"Pork, cured, ham with natural juices, spiral slice, boneless, separable lean and fat, heated, roasted","""ham"""
168355,"Pork, cured, ham with natural juices, whole, boneless, separable lean and fat, heated, roasted","""ham"""
168356,"Pork, cured, ham, rump, bone-in, separable lean and fat, heated, roasted","""ham"""
168357,"Pork, cured, ham, shank, bone-in, separable lean and fat, heated, roasted","""ham"""
168358,"Pork, cured, ham, shank, bone-in, separable lean and fat, unheated","""ham"""
168359,"Pork, cured, ham, slice, bone-in, separable lean and fat, heated, pan-broil","""ham"""
168360,"Pork, cured, ham, slice, bone-in, separable lean only, unheated","""ham"""
168361,"Pork, fresh, enhanced, loin, tenderloin, separable lean only, raw","""pork tenderloin"""
168362,"Pork, fresh, shoulder, (Boston butt), blade (steaks), separable lean only, with added solution cooked, braised","""pork shoulder"""
168363,"Pork, fresh, shoulder, (Boston butt), blade (steaks), separable lean only, with added solution, raw","""pork shoulder"""
168364,"Pork, fresh, loin, top loin (chops), boneless, separable lean only, with added solution, cooked, broiled","""pork loin"""
168365,"Pork, fresh, shoulder, (Boston butt), blade (steaks), separable lean and fat,with added solution, raw","""pork shoulder"""
168366,"Pork, fresh, shoulder, (Boston butt), blade (steaks), separable lean and fat, with added solution, cooked, braised","""pork shoulder"""
168367,"Pork, cured, ham, rump, bone-in, separable lean and fat, unheated","""ham"""
168368,"Pork, loin, leg cap steak, boneless, separable lean and fat, cooked, broiled","""pork loin"""
168369,"Pork, Shoulder petite tender, boneless, separable lean and fat, raw","""pork shoulder"""
168370,"Pork, Leg sirloin tip roast, boneless, separable lean and fat, cooked, braised","""ground sirloin"""
168371,"Pork, Leg sirloin tip roast, boneless, separable lean and fat, raw","""ground sirloin"""
168372,"Pork, ground, 84% lean / 16% fat, raw","""ground pork"""
168373,"Pork, ground, 72% lean / 28% fat, cooked, pan-broiled","""ground pork"""
168374,"Pork, ground, 84% lean / 16% fat, cooked, pan-broiled","""ground pork"""
168375,"Pork, ground, 96% lean / 4% fat, cooked, pan-broiled","""ground pork"""
168376,"Pork loin, fresh, backribs, bone-in, raw, lean only","""pork loin"""
168377,"Pork loin, fresh, backribs, bone-in, cooked-roasted, lean only","""pork loin"""
168378,"Pork, fresh, loin, country-style ribs, separable lean only, bone-in, cooked, broiled","""pork loin"""
168379,"Pork, fresh, loin, country-style ribs, separable lean only, boneless, cooked, roasted","""pork loin"""
168380,"Pork, fresh, blade, (chops), boneless, separable lean and fat, cooked, broiled","""pork chop"""
168381,"Pork, fresh, loin, blade (chops or roasts), boneless, separable lean and fat only, raw","""pork"""
168382,"Bacon, pre-sliced, reduced/low sodium, unprepared","""bacon"""
168383,"Canadian bacon, cooked, pan-fried","""canadian bacon"""
168384,"Alfalfa seeds, sprouted, raw","""alfalfa seed"""
168385,"Amaranth leaves, raw","""amaranth"""
168386,"Artichokes, (globe or french), cooked, boiled, drained, without salt","""artichoke heart"""
168387,"Artichokes, (globe or french), frozen, unprepared","""artichoke"""
168388,"Artichokes, (globe or french), frozen, cooked, boiled, drained, without salt","""artichoke heart"""
168389,"Asparagus, raw","""asparagus"""
168390,"Asparagus, cooked, boiled, drained","""asparagus"""
168391,"Balsam-pear (bitter gourd), leafy tips, raw","""bitter gourd"""
168392,"Balsam-pear (bitter gourd), leafy tips, cooked, boiled, drained, without salt","""bitter gourd"""
168393,"Balsam-pear (bitter gourd), pods, raw","""bitter gourd"""
168394,"Balsam-pear (bitter gourd), pods, cooked, boiled, drained, without salt","""bitter gourd"""
168395,"Beans, kidney, mature seeds, sprouted, cooked, boiled, drained, without salt","""kidney bean"""
168396,"Lima beans, immature seeds, raw","""lima bean"""
168397,"Corn, sweet, yellow, canned, drained solids, rinsed with tap water","""sweet corn"""
168398,"Corn, sweet, yellow, frozen, kernels cut off cob, unprepared (Includes foods for USDA's Food Distribution Program)","""sweet corn"""
168399,"Corn, sweet, yellow, frozen, kernels cut off cob, boiled, drained, without salt","""sweet corn"""
168400,"Corn, sweet, yellow, frozen, kernels on cob, unprepared","""sweet corn"""
168401,"Corn, sweet, yellow, frozen, kernels on cob, cooked, boiled, drained, without salt","""sweet corn"""
168402,"Cowpeas (blackeyes), immature seeds, cooked, boiled, drained, without salt","""black-eyed pea"""
168403,"Cowpeas (blackeyes), immature seeds, frozen, unprepared","""black-eyed pea"""
168404,"Cowpeas (blackeyes), immature seeds, frozen, cooked, boiled, drained, without salt","""black-eyed pea"""
168405,"Cowpeas, young pods with seeds, raw","""cowpea"""
168406,"Cowpeas, leafy tips, cooked, boiled, drained, without salt","""cowpea"""
168407,"Cress, garden, raw","""garden cress"""
168408,"Cress, garden, cooked, boiled, drained, without salt","""garden cress"""
168409,"Cucumber, with peel, raw","""cucumber"""
168410,"Edamame, frozen, unprepared","""edamame"""
168411,"Edamame, frozen, prepared","""edamame"""
168412,"Endive, raw","""endive"""
168413,"Escarole, cooked, boiled, drained, no salt added","""escarole"""
168414,"Gourd, dishcloth (towelgourd), raw","""gourd"""
168415,"Gourd, dishcloth (towelgourd), cooked, boiled, drained, without salt","""gourd"""
168416,"Drumstick leaves, raw","""drumstick"""
168417,"Drumstick leaves, cooked, boiled, drained, without salt","""drumstick"""
168418,"Pepeao, dried","""pepper"""
168419,"Jute, potherb, raw","""spinach"""
168420,"Jute, potherb, cooked, boiled, drained, without salt","""spinach"""
168421,"Kale, raw","""kale"""
168422,"Mushrooms, Chanterelle, raw","""chanterelle"""
168423,"Mushrooms, morel, raw","""mushroom"""
168424,"Kohlrabi, raw","""koehlerabi"""
168425,"Kohlrabi, cooked, boiled, drained, without salt","""koehlerabi"""
168426,"Leeks, (bulb and lower leaf-portion), cooked, boiled, drained, without salt","""leek"""
168427,"Lentils, sprouted, raw","""lentil"""
168428,"Lentils, sprouted, cooked, stir-fried, without salt","""lentil"""
168429,"Lettuce, butterhead (includes boston and bibb types), raw","""lettuce"""
168430,"Lotus root, cooked, boiled, drained, without salt","""lotus root"""
168431,"Lettuce, red leaf, raw","""lettuce"""
168432,"Mountain yam, hawaii, raw","""yam"""
168433,"Mountain yam, hawaii, cooked, steamed, without salt","""yam"""
168434,"Mushrooms, brown, italian, or crimini, raw","""mushroom"""
168435,"Mushrooms, shiitake, stir-fried","""shiitake"""
168436,"Mushrooms, shiitake, dried","""shiitake mushroom"""
168437,"Mushrooms, shiitake, cooked, without salt","""mushroom"""
168438,"Mustard spinach, (tendergreen), raw","""spinach"""
168439,"Mustard spinach, (tendergreen), cooked, boiled, drained, without salt","""spinach"""
168440,"New Zealand spinach, raw","""spinach"""
168441,"New Zealand spinach, cooked, boiled, drained, without salt","""spinach"""
168442,"Potatoes, french fried, all types, salt added in processing, frozen, unprepared","""potato"""
168443,"Potato wedges, frozen (Includes foods for USDA's Food Distribution Program)","""potato"""
168444,"Potatoes, french fried, steak fries, salt added in processing, frozen, as purchased","""potato"""
168445,"Potatoes, french fried, steak fries, salt added in processing, frozen, oven-heated","""potato"""
168446,Potato flour,"""potato flour"""
168447,"Pumpkin leaves, cooked, boiled, drained, without salt","""pumpkin"""
168448,"Pumpkin, raw","""pumpkin"""
168449,"Pumpkin, cooked, boiled, drained, without salt","""pumpkin"""
168450,"Pumpkin, canned, without salt","""pumpkin"""
168451,"Radishes, oriental, raw","""radish"""
168452,"Radishes, oriental, cooked, boiled, drained, without salt","""radish"""
168453,"Radishes, oriental, dried","""dried radish"""
168454,"Rutabagas, raw","""rutabaga"""
168455,"Rutabagas, cooked, boiled, drained, without salt","""rutabaga"""
168456,"Seaweed, irishmoss, raw","""seaweed"""
168457,"Seaweed, kelp, raw","""seaweed"""
168458,"Seaweed, laver, raw","""seaweed"""
168459,"Sesbania flower, raw","""sesbania flower"""
168460,"Soybeans, mature seeds, sprouted, cooked, steamed","""soybean"""
168461,"Soybeans, mature seeds, sprouted, cooked, stir-fried","""soybean"""
168462,"Spinach, raw","""spinach"""
168463,"Spinach, cooked, boiled, drained, without salt","""spinach"""
168464,"Squash, summer, crookneck and straightneck, raw","""summer squash"""
168465,"Squash, summer, crookneck and straightneck, cooked, boiled, drained, without salt","""summer squash"""
168466,"Squash, summer, crookneck and straightneck, canned, drained, solid, without salt","""summer squash"""
168467,"Squash, summer, crookneck and straightneck, frozen, unprepared","""summer squash"""
168468,"Squash, summer, crookneck and straightneck, frozen, cooked, boiled, drained, without salt","""summer squash"""
168469,"Squash, summer, zucchini, includes skin, frozen, unprepared","""summer squash"""
168470,"Squash, summer, zucchini, includes skin, frozen, cooked, boiled, drained, without salt","""summer squash"""
168471,"Squash, summer, zucchini, italian style, canned","""summer squash"""
168472,"Squash, winter, acorn, raw","""acorn squash"""
168473,"Squash, winter, butternut, frozen, unprepared","""butternut"""
168474,"Squash, winter, butternut, frozen, cooked, boiled, without salt","""butternut"""
168475,"Squash, winter, hubbard, raw","""winter squash"""
168476,"Squash, winter, hubbard, baked, without salt","""winter squash"""
168477,"Succotash, (corn and limas), cooked, boiled, drained, without salt","""corn lima bean"""
168478,"Succotash, (corn and limas), canned, with cream style corn","""corn lima bean"""
168479,"Succotash, (corn and limas), canned, with whole kernel corn, solids and liquids","""corn lima bean"""
168480,"Succotash, (corn and limas), frozen, unprepared","""corn lima bean"""
168481,"Succotash, (corn and limas), frozen, cooked, boiled, drained, without salt","""corn lima bean"""
168482,"Sweet potato, raw, unprepared (Includes foods for USDA's Food Distribution Program)","""sweet potato"""
168483,"Sweet potato, cooked, baked in skin, flesh, without salt","""sweet potato"""
168484,"Sweet potato, cooked, boiled, without skin","""sweet potato"""
168485,"Sweet potato, canned, vacuum pack","""sweet potato"""
168486,"Taro, cooked, without salt","""taro"""
168487,"Taro leaves, raw","""taro"""
168488,"Taro leaves, cooked, steamed, without salt","""taro leaf"""
168489,"Taro shoots, raw","""taro"""
168490,"Arrowroot, raw","""arrowroot"""
168491,"Chrysanthemum leaves, raw","""chrysanthemum leaf"""
168492,"Amaranth leaves, cooked, boiled, drained, with salt","""amaranth"""
168493,"Arrowhead, cooked, boiled, drained, with salt","""potato"""
168494,"Asparagus, frozen, cooked, boiled, drained, with salt","""asparagus"""
168495,"Balsam-pear (bitter gourd), leafy tips, cooked, boiled, drained, with salt","""bitter gourd"""
168496,"Balsam-pear (bitter gourd), pods, cooked, boiled, drained, with salt","""bitter gourd"""
168497,"Bamboo shoots, cooked, boiled, drained, with salt","""bamboo shoots"""
168498,"Lima beans, immature seeds, frozen, fordhook, cooked, boiled, drained, with salt","""lima bean"""
168499,"Mung beans, mature seeds, sprouted, cooked, boiled, drained, with salt","""mung bean"""
168500,"Beans, navy, mature seeds, sprouted, cooked, boiled, drained, with salt","""navy bean"""
168501,"Beans, pinto, immature seeds, frozen, cooked, boiled, drained, with salt","""pinto bean"""
168502,"Beans, snap, green, canned, no salt added, solids and liquids","""green bean"""
168503,"Beans, snap, yellow, canned, regular pack, solids and liquids","""yellow bean"""
168504,"Beans, snap, yellow, canned, no salt added, solids and liquids","""yellow bean"""
168505,"Beans, snap, green, canned, no salt added, drained solids","""green bean"""
168506,"Beets, cooked, boiled. drained, with salt","""beet"""
168507,"Beets, canned, no salt added, solids and liquids","""beet"""
168508,"Beet greens, cooked, boiled, drained, with salt","""beet greens"""
168509,"Borage, cooked, boiled, drained, with salt","""borage"""
168510,"Broccoli, cooked, boiled, drained, with salt","""broccoli"""
168511,"Broccoli, frozen, chopped, cooked, boiled, drained, with salt","""broccoli"""
