fdc_id,data_type,description,food_category_id,publication_date
1105904,branded_food,WESSON Vegetable Oil 1 GAL,"",2020-11-13
1105905,branded_food,SWANSON BROTH BEEF,"",2020-11-13
1105906,branded_food,CAMPBELL'S SLOW KETTLE SOUP CLAM CHOWDER,"",2020-11-13
1105907,branded_food,CAMPBELL'S SLOW KETTLE SOUP CHEESE BROCCOLI,"",2020-11-13
1105898,experimental_food,Discrepancy between the Atwater factor predicted and empirically measured energy values of almonds in human diets,"",2020-10-30
1105899,experimental_food,Food processing and structure impact the metabolizable energy of almonds,"",2020-10-30
1105900,experimental_food,Metabolizable Energy from Cashew Nuts is Less than that Predicted by Atwater Factors,"",2020-10-30
1105901,experimental_food,Measured energy value of pistachios in the human diet,"",2020-10-30
1105902,experimental_food,Walnuts Consumed by Healthy Adults Provide Less Available Energy than Predicted by the Atwater Factors,"",2020-10-30
1105908,branded_food,SWANSON BROTH CHICKEN,"",2020-11-13
1105909,branded_food,CAMPBELL'S SOUP BEAN AND HAM,"",2020-11-13
1105910,branded_food,SWANSON BROTH BEEF,"",2020-11-13
1105911,branded_food,PREGO SAUCES TOMATO BASIL,"",2020-11-13
1105912,branded_food,CAMPBELL'S SOUP TOMATO,"",2020-11-13
1105903,experimental_food,"Wild Turkey, White and Dark Meat, Raw and Roasted","",2020-10-30
1105913,branded_food,CAMPBELL'S PASTA SPAGHETTIOS W FRANKS,"",2020-11-13
1105914,branded_food,BUSH'S Bourbon and Brown Sugar Grillin' Beans 22 oz,"",2020-11-13
1105915,branded_food,BUSH'S Organic Garbanzo Beans 110 oz,"",2020-11-13
1105916,branded_food,BUSH'S Smokehouse Tradition Grillin' Beans 22 oz,"",2020-11-13
1105917,branded_food,PEPPERIDGE FARM BREAD TUSCAN,"",2020-11-13
1105918,branded_food,PEPPERIDGE FARM BREAD GARLIC,"",2020-11-13
1105919,branded_food,SWANSON BROTH CHICKEN,"",2020-11-13
1105920,branded_food,PEPPERIDGE FARM COOKIES GINGER,"",2020-11-13
1105921,branded_food,PEPPERIDGE FARM BREAD TUSCAN,"",2020-11-13
1105922,branded_food,PEPPERIDGE FARM COOKIES GRAHAM CHOCOLATE,"",2020-11-13
1105923,branded_food,PEPPERIDGE FARM BREAD FOCACCIA,"",2020-11-13
1105924,branded_food,PEPPERIDGE FARM PASTRY PEACH,"",2020-11-13
1105925,branded_food,PEPPERIDGE FARM BREAD MULTIGRAIN,"",2020-11-13
1105926,branded_food,PEPPERIDGE FARM BREAD OLIVE BATARD,"",2020-11-13
1105927,branded_food,PEPPERIDGE FARM BREAD CHEESE,"",2020-11-13
1105928,branded_food,PEPPERIDGE FARM CRACKERS CHEDDAR,"",2020-11-13
1105929,branded_food,PEPPERIDGE FARM COOKIES,"",2020-11-13
1105930,branded_food,SWANSON BROTH BEEF,"",2020-11-13
1105931,branded_food,PEPPERIDGE FARM BREAD CIABATTA,"",2020-11-13
1105932,branded_food,PEPPERIDGE FARM COOKIES,"",2020-11-13
1105933,branded_food,SWANSON BROTH CHICKEN,"",2020-11-13
1105934,branded_food,PEPPERIDGE FARM PASTRY CHERRY,"",2020-11-13
1105935,branded_food,PEPPERIDGE FARM COOKIES,"",2020-11-13
1105936,branded_food,PEPPERIDGE FARM BREAD GARLIC,"",2020-11-13
1105937,branded_food,PEPPERIDGE FARM COOKIES SMORES,"",2020-11-13
1105938,branded_food,SWANSON BROTH BEEF,"",2020-11-13
1105939,branded_food,PEPPERIDGE FARM BREAD,"",2020-11-13
1105940,branded_food,PEPPERIDGE FARM COOKIES STRAWBERRY,"",2020-11-13
1105941,branded_food,PEPPERIDGE FARM COOKIES PEPPERMINT,"",2020-11-13
1105942,branded_food,SWANSON BROTH BEEF-LOW SODIUM,"",2020-11-13
1105943,branded_food,PEPPERIDGE FARM BREAD SESAME,"",2020-11-13
1105944,branded_food,PEPPERIDGE FARM BREAD CIABATTA,"",2020-11-13
1105945,branded_food,PEPPERIDGE FARM COOKIES,"",2020-11-13
1105946,branded_food,SWANSON BROTH VEGETABLE,"",2020-11-13
1105947,branded_food,PEPPERIDGE FARM PASTRY SHEETS,"",2020-11-13
1105948,branded_food,PEPPERIDGE FARM BREAD WHITE BATARD,"",2020-11-13
1105949,branded_food,PEPPERIDGE FARM BREAD EUROPEAN BAGUETTE,"",2020-11-13
1105950,branded_food,BUSH'S Organic Pinto Beans 110 oz,"",2020-11-13
1105951,branded_food,PEPPERIDGE FARM CRACKERS,"",2020-11-13
1105952,branded_food,PEPPERIDGE FARM COOKIES MILANO,"",2020-11-13
1105953,branded_food,BUSH'S BEST Easy Entrees Texas Ranchero 108 oz,"",2020-11-13
1105954,branded_food,10 FL OZ 100% JUICE - ORANGE,"",2020-11-13
1105955,branded_food,16 FL OZ JUICE DRINK - FRUIT PUNCH,"",2020-11-13
1105956,branded_food,11.5 FL OZ JUICE DRINK - APPLE CRANBERRY,"",2020-11-13
1105957,branded_food,5.5 FL OZ 100% JUICE - ORANGE,"",2020-11-13
1105958,branded_food,5.5 FL OZ JUICE COCKTAIL - CRANBERRY,"",2020-11-13
1105959,branded_food,11.5 FL OZ JUICE DRINK - FRUIT PUNCH,"",2020-11-13
1105960,branded_food,10 FL OZ JUICE COCKTAIL - CRANBERRY,"",2020-11-13
1105961,branded_food,10 FL OZ JUICE DRINK - ORANGE PINEAPPLE,"",2020-11-13
1105962,branded_food,10 FL OZ JUICE DRINK - STRAWBERRY KIWI,"",2020-11-13
1105963,branded_food,10 FL OZ JUICE COCKTAIL - GRAPE,"",2020-11-13
1105964,branded_food,5.5 FL OZ 100% JUICE - APPLE,"",2020-11-13
1105965,branded_food,11.5 FL OZ 100% JUICE - ORANGE,"",2020-11-13
1105966,branded_food,10 FL OZ 100% JUICE - APPLE,"",2020-11-13
1105967,branded_food,10 FL OZ JUICE DRINK - FRUIT PUNCH,"",2020-11-13
1105968,branded_food,11.5 FL OZ 100% JUICE - APPLE,"",2020-11-13
1105969,branded_food,Pork Loin Boneless,"",2020-11-13
1105970,branded_food,"PFN Pork Boneless Shoulder Butt 1/8"""" 2x4 VP MBG#406A","",2020-11-13
1105971,branded_food,Pork Loin Boneless Strap Off,"",2020-11-13
1105972,branded_food,Pork Loin Strap Off,"",2020-11-13
1105973,branded_food,Pork Tenderloin with Teriyaki Seasoning,"",2020-11-13
1105974,branded_food,Pork Picnic Brisket Boneless,"",2020-11-13
1105975,branded_food,Pork Loin Bone In Chops Frenched,"",2020-11-13
1105976,branded_food,Pork Loin Filet with Applewood Smoked Bacon,"",2020-11-13
1105977,branded_food,Pork Loin Backrib & Seasoning Cook In Bag,"",2020-11-13
1105978,branded_food,Pork Loin Chop Boneless,"",2020-11-13
1105979,branded_food,Pork Ham Boneless,"",2020-11-13
1105980,branded_food,Pork Ham Steamship,"",2020-11-13
1105981,branded_food,Pork Loin Boneless,"",2020-11-13
1105982,branded_food,Pork Loin Bone In Chine Removed Chop with Smokey Apple Seasonings,"",2020-11-13
1105983,branded_food,Pork Tenderloin with Peri Peri Seasonings Cook in Bag,"",2020-11-13
1105984,branded_food,Pork Loin Center Rib Roast,"",2020-11-13
1105985,branded_food,Pork Loin Backrib & Seasoning Cook In Bag,"",2020-11-13
1105986,branded_food,Pork Loin Tenderloin,"",2020-11-13
1105987,branded_food,Pork Loin Chop Bone In,"",2020-11-13
1105988,branded_food,Pork Loin Boneless Strap Off,"",2020-11-13
1105989,branded_food,Pork Tenderloin with Teriyaki Seasonings Cook in Bag,"",2020-11-13
1105990,branded_food,Pork Loin Bone In Center Cut,"",2020-11-13
1105991,branded_food,Pork Loin Bone In Center Cut,"",2020-11-13
1105992,branded_food,Pork Loin Backrib & Seasoning Cook In Bag,"",2020-11-13
1105993,branded_food,Pork Loin Backrib & Seasoning Cook In Bag,"",2020-11-13
1105994,branded_food,Pork Loin Filet with Applewood Smoked Bacon,"",2020-11-13
1105995,branded_food,Pork Loin Filet,"",2020-11-13
1105996,branded_food,Boneless Half Loin (Netted),"",2020-11-13
1105997,branded_food,Pork Loin Tenderloin,"",2020-11-13
1105998,branded_food,Pork Loin Boneless,"",2020-11-13
1105999,branded_food,Pork Loin Chop Porterhouse,"",2020-11-13
1106000,branded_food,"Pork Loin Bone In Center Cut All Natural 1/8"""" Trim MBG#412C","",2020-11-13
1106001,branded_food,Pork Loin Bone In Center Cut False Lean Removed Chine Removed,"",2020-11-13
1106002,branded_food,Pork Loin Bone In Chine Removed Chop with Jalapeno Seasonings,"",2020-11-13
1106003,branded_food,Pork Ham Steamship,"",2020-11-13
1106004,branded_food,Pork Loin Bone In Frenched,"",2020-11-13
1106005,branded_food,Pork Loin Boneless,"",2020-11-13
1106006,branded_food,Pork Loin Steak,"",2020-11-13
1106007,branded_food,Pork Loin Tenderloin,"",2020-11-13
1106008,branded_food,Pork Tenderloin with Cajun Style Seasonings Cook In Bag,"",2020-11-13
1106009,branded_food,Hardwood Smoked Honey Cured Center Cut Bacon-Layered-Gas Flushed 10/12 15#,"",2020-11-13
1106010,branded_food,"Pork Ham Bone In, Skinless Defatted MBG#401","",2020-11-13
1106011,branded_food,"Pork Ham Bone In, Skinless Defatted MBG#401","",2020-11-13
1106012,branded_food,Pork Loin Backrib & Seasoning Cook In Bag,"",2020-11-13
1106013,branded_food,CAMPBELL'S SOUP CHICKEN & DUMPLING,"",2020-11-13
1106014,branded_food,CAMPBELL'S CHUNKY SOUP BEEF VEGETABLE,"",2020-11-13
1106015,branded_food,"Chicken, FC SmartShapes NAE G'N'S Brd Brst Cutlet; avg 37/4.3 oz","",2020-11-13
1106016,branded_food,"Chicken, FC Country Krisp 8pc Cut, 1 bird/bag, 80 pc min","",2020-11-13
1106017,branded_food,"Chicken, FC Original Honey Touched 4pc, 9/18 oz avg","",2020-11-13
1106018,branded_food,"Chicken, FC Country Krisp Wingettes, 1st & 2nd Wing Portion","",2020-11-13
1106019,branded_food,"Chicken, CN, FC Country Good Seasoned Breast Pattie; avg 61/2.62 oz","",2020-11-13
1106020,branded_food,"Chicken, FC Gold'N'Spice Breaded Popcorn Chicken, Breast Fritters","",2020-11-13
1106021,branded_food,"Chicken, FC Original Honey Touched Paddles, 2nd Wing Only","",2020-11-13
1106022,branded_food,"Chicken, FC Brd Breast & Thigh Nuggets, Country Goodness avg 384","",2020-11-13
1106023,branded_food,"Chicken, FC Wing-Ditties, 1st and 2nd Wing Portion","",2020-11-13
1106024,branded_food,"Chicken, FC Country Krisp Jumbo 8 pc Cut, 1 bird/bag, 72 pc min","",2020-11-13
1106025,branded_food,"Chicken, FC SmartShapes G'N'S Brd Brst Strips; avg 145/1.1 oz","",2020-11-13
1106026,branded_food,"Chicken, FC  Zesty Brd Chik'N O's avg 228/.7 oz","",2020-11-13
1106027,branded_food,"Chicken, FC All Breast Breaded Nuggets; avg 256/.75 oz","",2020-11-13
1106028,branded_food,"Chicken, Fillet Fritter, Chicken Fried Chicken, Uncooked","",2020-11-13
1106029,branded_food,"Chicken, FC Country Krisp 9 pc Cut, Bulk Pack, Approx. 75 pc","",2020-11-13
1106030,branded_food,"Chicken, Crispy-Lishus Breaded Breast Tender Fritters, Uncooked","",2020-11-13
1106031,branded_food,"Chicken, FC SmartShapes G'N'S Brd Brst Strips; avg 145/1.1 oz","",2020-11-13
1106032,branded_food,"Chicken, FC Beer Battered Boneless Wing Fritters, Tappers","",2020-11-13
1106033,branded_food,"Chicken, FC CN Whole Grain Brd Christmas Tree Shaped Brst Nuggets, Seasonal","",2020-11-13
1106034,branded_food,"Chicken, Raw Farm Pantry Top Shelf Natural 7 oz. Fillet, Gluten Free","",2020-11-13
1106035,branded_food,"Chicken, Southern-Style Tender Fritters, Uncooked","",2020-11-13
1106036,branded_food,"Chicken, FC Original Honey Touched 8 pc Cut, 1 bird/bag, 80 pc min","",2020-11-13
1106037,branded_food,"Chicken, Ready to Cook, RWA, Natural, Farm PantryTop Shelf 4 oz. Fillet","",2020-11-13
1106038,branded_food,"Chicken, FC SmartShapes G'N'S Brd Brst Cutlet; avg 43/3.7 oz","",2020-11-13
1106039,branded_food,"Chicken, FC SmartShapes G'N'S Brd Brst Cutlet; avg 28/5.6 oz","",2020-11-13
1106040,branded_food,"Chicken, FC Wing-Ditties, Whole Wings","",2020-11-13
1106041,branded_food,"Chicken, FC CN Whole Grain Breaded Chik'N Giggles; avg 83/1.93 oz.","",2020-11-13
1106042,branded_food,"Chicken, FC Bnls/Skls, Easy Gourmet Classic Savory Brst Fillet; avg 32/5 oz No Gluten Added","",2020-11-13
1106043,branded_food,"Chicken, Raw IQF Boneless Skinless Breast Fillet, 8 oz. Natural, Gluten Free","",2020-11-13
1106044,branded_food,"Chicken, FC Original Honey Touched Drumettes, 1st Wing Only","",2020-11-13
1106045,branded_food,"Chicken, FC Country Good Italian All Breast Pattie; avg 53/3 oz","",2020-11-13
1106046,branded_food,"Chicken, FC SmartShapes Italian Glzd Grld Brst Strip; avg 200/.8 oz","",2020-11-13
1106047,branded_food,"Chicken, FC Bnls/Skls, Easy Gourmet Classic Italian Brst Fillet; avg 46/3.5 oz","",2020-11-13
1106048,branded_food,"Chicken, FC SmartShapes G'N'S Brd Brst Strips; avg 106/1.5 oz","",2020-11-13
1106049,branded_food,"Chicken, FC Ovenable Unbreaded Chicken Wingettes No Gluten added","",2020-11-13
1106050,branded_food,"Chicken, FC Gold'N'Spice Brd Chik'N O's avg 228/.7 oz","",2020-11-13
1106051,branded_food,"Chicken, FC Inferno Wings Wingettes, 1st & 2nd Wing Portions","",2020-11-13
1106052,branded_food,"Chicken, FC CN Chick-Licious Brst Patties; avg 49/3.25 oz","",2020-11-13
1106053,branded_food,"Chicken, FC Breaded Southern Select Breast Fillet 4oz.","",2020-11-13
1106054,branded_food,"Chicken, Bnls/Skls, Raw Easy Prep Farm Pantry 6 oz. Fillet, Gluten Free","",2020-11-13
1106055,branded_food,"Chicken,FC Chik'N Gone Wild Brd Bnls Wing w/Real Kentucky Bourbon","",2020-11-13
1106056,branded_food,"Chicken, Fully Cooked Original Honey Touched 3 pc No Wing, 17 oz. Avg, / 10 servings","",2020-11-13
1106057,branded_food,"Chicken, FC CN Whole Grain Breaded Breast Patties; avg 51/3.15 oz","",2020-11-13
1106058,branded_food,Perfect Answers NAE Panko Portioned Tender,"",2020-11-13
1106059,branded_food,"Chicken, FC Healthy Answers NAE Grilled Brst Cutlet avg 64/3 oz","",2020-11-13
1106060,branded_food,PEPPERIDGE FARM CRACKERS CHEDDAR JACK,"",2020-11-13
1106061,branded_food,PEPPERIDGE FARM COOKIES BUTTER PECAN,"",2020-11-13
1106062,branded_food,Sun-Maid Vanilla Yogurt Covered Raisins 6-Pack/1 oz Cartons,"",2020-11-13
1106063,branded_food,V8 SPLASH BEVERAGE ORANGE PINEAPPLE,"",2020-11-13
1106064,branded_food,Sun-Maid California Pitted Prunes 16 oz Canister,"",2020-11-13
1106065,branded_food,Naturally Hickory Smoked The Original 24/1 LB. Sliced Bacon,"",2020-11-13
1106066,branded_food,Sun-Maid California Mixed Jumbo Raisins 12 oz Bag,"",2020-11-13
1106067,branded_food,Naturally Hickory Smoked The Original 8X3/1 LB. Sliced Bacon,"",2020-11-13
1106068,branded_food,Sun-Maid Vanilla Yogurt Flavored Raisins 8 oz Bag,"",2020-11-13
1106069,branded_food,Sun-Maid California Sun-Dried Raisins 2 lb Bag,"",2020-11-13
1106070,branded_food,Pork Shoulder Roast Boneless with Green Chili with Lime Seasoning,"",2020-11-13
1106071,branded_food,Sun-Maid Dark Chocolate Yogurt Flavored Raisins 7 oz Bag,"",2020-11-13
1106072,branded_food,Sun-Maid California Sun-Dried Raisins 6-Pack/1.33 oz. Cartons,"",2020-11-13
1106073,branded_food,V8 HYDRATE BEVERAGE PINEAPPLE MANGO,"",2020-11-13
1106074,branded_food,Sun-Maid California Sun-Dried Raisins 9 oz Box,"",2020-11-13
1106075,branded_food,PEPPERIDGE FARM COOKIES DARK CHOCOLATE,"",2020-11-13
1106076,branded_food,Sun-Maid Mediterranean Apricots 15 oz Canister,"",2020-11-13
1106077,branded_food,Sun-Maid California Golden Raisins 15 oz Box,"",2020-11-13
1106078,branded_food,Sun-Maid California Sun-Dried Raisins 0.5 oz Cartons - Case of 300,"",2020-11-13
1106079,branded_food,CHOCOLATE CHIP COOKIES,"",2020-11-13
1106080,branded_food,"MIXED FRUIT MEDLEY FRESHLY FROZEN STRAWBERRIES, PEACHES, PINEAPPLE & MANGO, MIXED FRUIT MEDLEY","",2020-11-13
1106081,branded_food,WALNUT HALVES & PIECES,"",2020-11-13
1106082,branded_food,"BREAKFAST BEST, BREAKFAST STRUDEL, STRAWBERRY, STRAWBERRY","",2020-11-13
1106083,branded_food,"CALIFORNIA VEGGIE POCKETS, ALL NATURAL, ALL NATURAL","",2020-11-13
1106084,branded_food,"LEMON FLAVORED SALTED PLUM, LEMON, LEMON","",2020-11-13
1106085,branded_food,SWEET & SOUR FLAVORED SALTED PLUM,"",2020-11-13
1106086,branded_food,WALNUT BUTTER,"",2020-11-13
1106087,branded_food,"ORIGINAL REAL VEGETABLE CHIPS, ORIGINAL","",2020-11-13
1106088,branded_food,MULTI-GRAIN TORTILLA CHIPS,"",2020-11-13
1106089,branded_food,"APPLE, CARROT & SQUASH ORGANIC FRUIT & VEGETABLE PUREE, APPLE, CARROT & SQUASH","",2020-11-13
1106090,branded_food,BLUE ALGAE NUT BUTTER,"",2020-11-13
1106091,branded_food,BERRY ANTIOXIDANT NUT BUTTER,"",2020-11-13
1106092,branded_food,"ORIGINAL CREAM CHEESE, ORIGINAL","",2020-11-13
1106093,branded_food,"100% WHOLE GRAIN INSTANT BROWN RICE, WHOLE GRAIN","",2020-11-13
1106094,branded_food,"ORIGINAL HARDWOOD SMOKED COCKTAIL SMOKIES, ORIGINAL HARDWOOD SMOKED","",2020-11-13
1106095,branded_food,PINEAPPLE CHUNKS IN HEAVY SYRUP,"",2020-11-13
1106096,branded_food,"SUGAR SNAP STIR-FRY WITH SUGAR SNAP PEAS, CARROTS, ONIONS, & SLICED MUSHROOMS, SUGAR SNAP STIR-FRY","",2020-11-13
1106097,branded_food,"7 ANCIENT GRAINS RICE CRACKERS WITH SEA SALT, SEA SALT","",2020-11-13
1106098,branded_food,INSTANT WHITE RICE,"",2020-11-13
1106099,branded_food,TITA CRACKERS,"",2020-11-13
1106100,branded_food,"TREATS CRACKERS, VANILLA FLAVORED","",2020-11-13
1106101,branded_food,ALMONDS TREATS CRACKERS,"",2020-11-13
1106102,branded_food,"TREATS CRACKERS, CINNAMON, CINNAMON","",2020-11-13
1106103,branded_food,"93% LEAN | 7% FAT TURKEY BURGER PATTIES, TURKEY","",2020-11-13
1106104,branded_food,SELECTS LASAGNA WITH MEAT SAUCE,"",2020-11-13
1106105,branded_food,"ALMOND DREAM, NON-DAIRY FROZEN DESSERT, CHOCOLATE, CHOCOLATE","",2020-11-13
1106106,branded_food,"OATMEAL RAISIN WITH WALNUTS SOFTBAKED COOKIES, OATMEAL RAISIN WITH WALNUTS","",2020-11-13
1106107,branded_food,"FIG BARS, FIG","",2020-11-13
1106108,branded_food,"SOUR CREAM & ONION POTATO CHIPS, SOUR CREAM & ONION","",2020-11-13
1106109,branded_food,CALIFORNIA WHOLE PITTED DATES,"",2020-11-13
1106110,branded_food,TERIYAKI SAUCE,"",2020-11-13
1106111,branded_food,"WHEAT SUB ROLLS, WHEAT SUB","",2020-11-13
1106112,branded_food,GARDEN VEGETABLE DIP MIX,"",2020-11-13
1106113,branded_food,ORANGE CHICKEN FRIED RICE,"",2020-11-13
1106114,branded_food,BROCCOLI BEEF FRIED RICE,"",2020-11-13
1106115,branded_food,THE GOOD HEALTH CHEESE ALTERNATIVE,"",2020-11-13
1106116,branded_food,"LEMON TARTLETS, LEMON, LEMON","",2020-11-13
1106117,branded_food,BAKED PRETZEL RODS,"",2020-11-13
1106118,branded_food,DESSERT SHELLS,"",2020-11-13
1106119,branded_food,"CHICKEN FLAVORED SNACK CRACKERS, CHICKEN","",2020-11-13
1106120,branded_food,"FUDGE PEANUT BUTTER FILLED COOKIES, FUDGE PEANUT BUTTER","",2020-11-13
1106121,branded_food,"ORIGINAL CHOCOLATE CHIP COOKIES, ORIGINAL CHOCOLATE CHIP","",2020-11-13
1106122,branded_food,"HAVARTI CHEESE, HAVARTI","",2020-11-13
1106123,branded_food,"MEDIUM SALSA CON QUESO, MEDIUM","",2020-11-13
1106124,branded_food,"GEORGIA MUSTARD BBQ SAUCE, GEORGIA MUSTARD","",2020-11-13
1106125,branded_food,"REFRIED BLACK BEANS WITH ROASTED RED JALAPENO, ROASTED RED JALAPENO","",2020-11-13
1106126,branded_food,SPROUTED FAJITA SIZE TORTILLAS,"",2020-11-13
1106127,branded_food,ORGANIC GROUND CHICKEN,"",2020-11-13
1106128,branded_food,"72% COCOA CREME FILLED DARK CHOCOLATE, RASPBERRY ORANGE","",2020-11-13
1106129,branded_food,"EL MEXICANO, SALSA VERDE, MEXICAN GREEN SAUCE","",2020-11-13
1106130,branded_food,"PORK IN BBQ SAUCE, BBQ","",2020-11-13
1106131,branded_food,"BROWNIE BLAST VANILLA FROZEN DAIRY DESSERT SWIRLED WITH BROWNIES & FUDGE, BROWNIE BLAST","",2020-11-13
1106132,branded_food,"FRUIT & OATMEAL, PEACHES &VANILLA WALNUT","",2020-11-13
1106133,branded_food,"SHELLS & CHEDDAR DELUXE MACARONI & CHEESE, SHELLS & CHEDDAR","",2020-11-13
1106134,branded_food,"DARK CHOCOLATE CREME FILLED WAFERS, DARK CHOCOLATE","",2020-11-13
1106135,branded_food,"MINESTRONE SOUP, MINESTRONE","",2020-11-13
1106136,branded_food,"CHOCO MINT CHIP PREMIUM ICE CREAM, CHOCO MINT CHIP","",2020-11-13
1106137,branded_food,"LENTIL CRACKERS, CRACKED PEPPER, CRACKED PEPPER","",2020-11-13
1106138,branded_food,"VEGETABLE STOCK, VEGETABLE","",2020-11-13
1106139,branded_food,"CHIPOTLE MAYO, CHIPOTLE","",2020-11-13
1106140,branded_food,ITALIAN DRESSING,"",2020-11-13
1106141,branded_food,"MACARONI & CHEESE DINNER, ORIGINAL","",2020-11-13
1106142,branded_food,BLUEBERRIES,"",2020-11-13
1106143,branded_food,"STUFF'D """"ORIGINAL"""" MOOSE TRACKS FROZEN DAIRY DESSERT, """"ORIGINAL"""" MOOSE TRACKS","",2020-11-13
1106144,branded_food,"MAPLE BAKED BEANS, MAPLE","",2020-11-13
1106145,branded_food,FRESCO CHEESE,"",2020-11-13
1106146,branded_food,QUESO FRESCO CHEESE,"",2020-11-13
1106147,branded_food,"NONFAT YOGURT, STRAWBERRY","",2020-11-13
1106148,branded_food,PETITE DICED TOMATOES,"",2020-11-13
1106149,branded_food,"TOMATO PUREE, TOMATO","",2020-11-13
1106150,branded_food,"BASIL, GARLIC & OREGANO CHUNKY CRUSHED TOMATOES, BASIL, GARLIC & OREGANO","",2020-11-13
1106151,branded_food,AUTHENTIC REFRIED BEANS,"",2020-11-13
1106152,branded_food,"PIZZA SAUCE, PEPPERONI FLAVORED, PEPPERONI FLAVORED","",2020-11-13
1106153,branded_food,"GORTON'S, CAJUN GRILLED FILLETS","",2020-11-13
1106154,branded_food,SLOPPY JOE SAUCE,"",2020-11-13
1106155,branded_food,"BASIL, GARLIC & OREGANO ITALIAN STYLE DICED TOMATOES, BASIL, GARLIC & OREGANO","",2020-11-13
1106156,branded_food,"BURRITOS, EGG, APPLEWOOD SMOKED BACON & CHEESE","",2020-11-13
1106157,branded_food,CONFECTIONERS POWDERED SUGAR,"",2020-11-13
1106158,branded_food,"LIGHT BROWN SUGAR, LIGHT BROWN","",2020-11-13
1106159,branded_food,PEANUT BUTTER BLENDED WITH DARK CHOCOLATE,"",2020-11-13
1106160,branded_food,"ORGANIC MORNING FRUIT & NUT GRANOLA MIX, PURPLE BERRY RAISIN","",2020-11-13
1106161,branded_food,"ORGANIC MORNING SUPERGRAIN SMOOTHIE, PEAR PINEAPPLE","",2020-11-13
1106162,branded_food,"MORNING MULTILINGUAL CRUNCH BITES, PURPLE BERRY & CARROT","",2020-11-13
1106163,branded_food,"SPINACH SALAD DRESSING, SPINACH SALAD","",2020-11-13
1106164,branded_food,"CHUNKY BLUE CHEESE DRESSING, CHUNKY BLUE CHEESE","",2020-11-13
1106165,branded_food,"COLBY-JACK NATURAL CHEESE CUBES SNACKS, COLBY-JACK","",2020-11-13
1106166,branded_food,"SMOKED SKINLESS SAUSAGE, SMOKED","",2020-11-13
1106167,branded_food,"TRI-COLOR PASTA 100% SEMOLINA PLAIN, SUNDRIED TOMATO & SPINACH","",2020-11-13
1106168,branded_food,LARGE CURD COTTAGE CHEESE,"",2020-11-13
1106169,branded_food,"CINNA-APPLE WALNUT INSTANT HOT CEREAL, CINNA-APPLE WALNUT","",2020-11-13
1106170,branded_food,"VANILLA WHOLE MILK YOGURT, VANILLA","",2020-11-13
1106171,branded_food,"BROWN SUGAR AND MAPLE WITH FLAX & CHIA GLUTEN FREE OATMEAL, BROWN SUGAR AND MAPLE","",2020-11-13
1106172,branded_food,"BIRTHDAY CAKE INSTANT PUDDING WITH SPRINKLES PACKET, BIRTHDAY CAKE","",2020-11-13
1106173,branded_food,"COOKIE DOUGH INSTANT PUDDING WITH CHOCOLATE CHIP PACKET, COOKIE DOUGH","",2020-11-13
1106174,branded_food,"INSTANT PUDDING, MARSHMALLOW CHOCOLATE CHIP","",2020-11-13
1106175,branded_food,"CHOCOLATE DRINK MIX, CHOCOLATE","",2020-11-13
1106176,branded_food,"CHOCOLATE DRINK MIX, CHOCOLATE","",2020-11-13
1106177,branded_food,"CHOCOLATE CHIP COOKIE DOUGH CHUNKS OF REAL CHOCOLATE CHIP COOKIE DOUGH AND RICH FUDGE CHUNKS IN FLAVORED VANILLA ICE CREAM, CHOCOLATE CHIP COOKIE DOUGH","",2020-11-13
1106178,branded_food,"STRAWBERRIES & CREAM OLD FASHIONED ICE CREAM, STRAWBERRIES & CREAM","",2020-11-13
1106179,branded_food,"VANILLA FLAVORED OLD FASHIONED FROZEN CUSTARD, VANILLA","",2020-11-13
1106180,branded_food,"TACO SEASONING MIX, TACO","",2020-11-13
1106181,branded_food,GREEN CHILE SAUCE,"",2020-11-13
1106182,branded_food,"GLUTEN FREE TURKEY FLAVORED GRAVY MIX, TURKEY","",2020-11-13
1106183,branded_food,BROWN GRAVY MIX,"",2020-11-13
1106184,branded_food,SWEET MULTIGRAIN ROLLS,"",2020-11-13
1106185,branded_food,EASY LEAVES PETITES,"",2020-11-13
1106186,branded_food,RAW ALMONDS,"",2020-11-13
1106187,branded_food,"SOUP MIX, SOUP MIX","",2020-11-13
1106188,branded_food,GUMMY BRITEWORMS,"",2020-11-13
1106189,branded_food,GUMMY BEARS,"",2020-11-13
1106190,branded_food,GUMMY WATERMELON RINGS,"",2020-11-13
1106191,branded_food,GUMMY APPLE RINGS,"",2020-11-13
1106192,branded_food,GUMMY BLUE SHARKS,"",2020-11-13
1106193,branded_food,GUMMY SOUR WARMS,"",2020-11-13
1106194,branded_food,INDIAN SPICES GARAM MASALA,"",2020-11-13
1106195,branded_food,SPLENDID PEAS POTATO ALOO MUTTER,"",2020-11-13
1106196,branded_food,"BLUEBERRY FLAVORED OVEN ROASTED ALMONDS, BLUEBERRY","",2020-11-13
1106197,branded_food,VEGETABLE OIL SPREAD,"",2020-11-13
1106198,branded_food,ITALIAN SAUSAGE,"",2020-11-13
1106199,branded_food,RED NICARAGUAN BEANS,"",2020-11-13
1106200,branded_food,FRUIT MIX IN EXTRA LIGHT SYRUP,"",2020-11-13
1106201,branded_food,PEAR HALVES IN LIGHT SYRUP,"",2020-11-13
1106202,branded_food,YELLOW CLING SLICED PEACHES IN LIGHT SYRUP,"",2020-11-13
1106203,branded_food,YELLOW CLING PEACH HALVES IN LIGHT SYRUP,"",2020-11-13
1106204,branded_food,VIENNA SAUSAGE,"",2020-11-13
1106205,branded_food,"ORIGINAL RECIPE RICE PUDDING, ORIGINAL RECIPE","",2020-11-13
1106206,branded_food,SUNFLOWER KERNELS,"",2020-11-13
1106207,branded_food,GOLDEN SWEET WHOLE KERNEL CORN,"",2020-11-13
1106208,branded_food,CHERRY LICORICE,"",2020-11-13
1106209,branded_food,SWEETENED FANCY FLAKE COCONUT,"",2020-11-13
1106210,branded_food,"MESQUITE BBQ FLAVORED POTATO CHIPS, MESQUITE BBQ","",2020-11-13
1106211,branded_food,INSTANT WHITE RICE,"",2020-11-13
1106212,branded_food,"SALTED SWEET CREAM SPREADABLE BUTTER WITH CANOLA OIL, SALTED SWEET CREAM","",2020-11-13
1106213,branded_food,"APRICOT PRESERVES, APRICOT","",2020-11-13
1106214,branded_food,"CAESAR CROUTONS, CAESAR","",2020-11-13
1106215,branded_food,INSTANT MASHED POTATOES,"",2020-11-13
1106216,branded_food,"ICED GREEN TEA, MANGO PINEAPPLE","",2020-11-13
1106217,branded_food,"WHITE AMERICAN PASTEURIZED PROCESS CHEESE PRODUCT, WHITE AMERICAN","",2020-11-13
1106218,branded_food,CRACKERS,"",2020-11-13
1106219,branded_food,"ORIGINAL SLAW DRESSING, ORIGINAL SLAW","",2020-11-13
1106220,branded_food,WHOLE BLACK BEANS,"",2020-11-13
1106221,branded_food,REFRIED PINTO BEANS,"",2020-11-13
1106222,branded_food,WHOLE PINTO BEANS,"",2020-11-13
1106223,branded_food,"DRIED PRESERVES, MANGOES","",2020-11-13
1106224,branded_food,"JALAPENO HEAT POTATO CHIPS, JALAPENO HEAT","",2020-11-13
1106225,branded_food,LARGE CROISSANTS,"",2020-11-13
1106226,branded_food,"GRATED PARMESAN CHEESE, PARMESAN","",2020-11-13
1106227,branded_food,"CREAM OF MUSHROOM CONDENSED SOUP, CREAM OF MUSHROOM","",2020-11-13
1106228,branded_food,QUICK OATS,"",2020-11-13
1106229,branded_food,FISH FRY,"",2020-11-13
1106230,branded_food,"ITALIAN GARDEN PASTA SAUCE, ITALIAN GARDEN","",2020-11-13
1106231,branded_food,HOT DOG CHILI SAUCE,"",2020-11-13
1106232,branded_food,"1 APPLE + 1 BANANA FRUIT BAR, APPLE + BANANA","",2020-11-13
1106233,branded_food,"AMERICAN SINGLES PASTEURIZED PREPARED CHEESE PRODUCT, AMERICAN","",2020-11-13
1106234,branded_food,"COLBY & MONTEREY JACK SLICED CHEESE, COLBY & MONTEREY JACK","",2020-11-13
1106235,branded_food,"DELI STYLE HONEY HAM, DELI STYLE","",2020-11-13
1106236,branded_food,"PURE FRUIT BITES, BANANA, BANANA","",2020-11-13
1106237,branded_food,"GARLIC & BUTTER FLAVORED CROUTONS, GARLIC & BUTTER","",2020-11-13
1106238,branded_food,"SEASONED CROUTONS, SEASONED","",2020-11-13
1106239,branded_food,CHILI NO BEANS,"",2020-11-13
1106240,branded_food,FRUIT COCKTAIL IN LIGHT SYRUP,"",2020-11-13
1106241,branded_food,"SWEET POTATO FRIES FRENCH FRIED POTATOES, SWEET POTATO FRIES","",2020-11-13
1106242,branded_food,SHOESTRING FRIES FRENCH FRIED POTATOES,"",2020-11-13
1106243,branded_food,"UNCURED ORGANIC PEPPERONI, UNCURED","",2020-11-13
1106244,branded_food,SPICED SEASONING PASTE,"",2020-11-13
1106245,branded_food,CHIPOTLE PEPPERS IN ADOBO SAUCE,"",2020-11-13
1106246,branded_food,"DICED PEARS IN ORGANIC PEAR JUICE FROM CONCENTRATE, DICED PEARS","",2020-11-13
1106247,branded_food,CHUCKANUT BAY CHEESECAKE,"",2020-11-13
1106248,branded_food,"SENSATIONAL SIDES, MACARONI & CHEESE, MACARONI & CHEESE","",2020-11-13
1106249,branded_food,SEASONED MUSHROOM CURRY,"",2020-11-13
1106250,branded_food,CORN TORTILLAS,"",2020-11-13
1106251,branded_food,"ORGANIC RAW COCONUT BUTTER, COCONUT, COCONUT","",2020-11-13
1106252,branded_food,"FRUIT TARTLETS, RASPBERRY","",2020-11-13
1106253,branded_food,"FRUIT TARTLETS, LEMON","",2020-11-13
1106254,branded_food,"CLASSIC PRE-SLICED PORK ROLL SAUSAGE, CLASSIC","",2020-11-13
1106255,branded_food,"TURKEY BURGERS, TURKEY","",2020-11-13
1106256,branded_food,FANCY NUT CAKE & PASTRY FILLING,"",2020-11-13
1106257,branded_food,STONE GROUND LESS SALT WHEAT CRACKERS,"",2020-11-13
1106258,branded_food,"STONE GROUND WHEAT CRACKERS, SESAME, SESAME","",2020-11-13
1106259,branded_food,"STONE GROUND WHEAT CRAKERS, ORIGINAL, ORIGINAL","",2020-11-13
1106260,branded_food,"SAVORY SNACK CRACKER, GARLIC & HERB, GARLIC & HERB","",2020-11-13
1106261,branded_food,"SAVORY SNACK CRACKER, SPRING ONION, SPRING ONION","",2020-11-13
1106262,branded_food,"SAVORY HEARTY TOMATO SNACK CRACKER, HEARTY TOMATO, HEARTY TOMATO","",2020-11-13
1106263,branded_food,"SAVORY SNACK CRACKER, CELERY & ONION, CELERY & ONION","",2020-11-13
1106264,branded_food,"SEA SALT MULTI-GRAIN CRACKERS WITH WHOLE GRAINS, SEEDS AND SEA SALT, SEA SALT","",2020-11-13
1106265,branded_food,"APPLES & CINNAMON INSTANT IRISH OATMEAL, APPLES & CINNAMON","",2020-11-13
1106266,branded_food,"OATMEAL WITH FLAX, PEACHES & CREAM","",2020-11-13
1106267,branded_food,"ORIGINAL WAVY CORN CHIPS, ORIGINAL","",2020-11-13
1106268,branded_food,"MENUDO BEEF TRIPE AND HOMINY STEW, MENUDO","",2020-11-13
1106269,branded_food,BAKED LENTIL CHIPS,"",2020-11-13
1106270,branded_food,"HONEY SMOKED DELI THIN-SLICED TURKEY BREAST WITH WHITE TURKEY MEAT, HONEY SMOKED","",2020-11-13
1106271,branded_food,"LIGHTLY SALTED POTATO CHIPS, LIGHTLY SALTED","",2020-11-13
1106272,branded_food,"MEDITERRANEAN GARLIC & HERBS REAL VEGETABLE CHIPS, MEDITERRANEAN GARLIC & HERBS","",2020-11-13
1106273,branded_food,"EDEN, ORGANIC SPANISH RICE & BEANS","",2020-11-13
1106274,branded_food,"MONTEREY JACK SLICED CHEESE, MONTEREY JACK","",2020-11-13
1106275,branded_food,"COLBY SLICED CHEESE, COLBY","",2020-11-13
1106276,branded_food,GREEK PITTED KALAMATA & GREEN OLIVES,"",2020-11-13
1106277,branded_food,WHOLE KALAMATA OLIVES,"",2020-11-13
1106278,branded_food,"PITTED KALAMATA OLIVES, KALAMATA","",2020-11-13
1106279,branded_food,"ENRICHED MACARONI PRODUCT, ANGEL HAIR NESTS","",2020-11-13
1106280,branded_food,"CRUNCHY BREADED FISH FILLETS, CRUNCHY BREADED","",2020-11-13
1106281,branded_food,"GRANOLA, CINNAMON, RAISIN, CINNAMON, RAISIN","",2020-11-13
1106282,branded_food,"100% DURUM WHEAT SEMOLINA MACARONI PRODUCT, BUCATINI 14","",2020-11-13
1106283,branded_food,"RASPBERRY LOWFAT YOGURT WITH GRANOLA, RASPBERRY","",2020-11-13
1106284,branded_food,"MEDIUM CHEDDAR SLICED CHEESE, MEDIUM CHEDDAR","",2020-11-13
1106285,branded_food,"PLAIN BREAD CRUMBS, PLAIN","",2020-11-13
1106286,branded_food,"CHOCOLATE CHIP PANCAKES, CHOCOLATE CHIP","",2020-11-13
1106287,branded_food,"CINNAMON SUGAR FULLY BAKED SWEET SOFT PRETZELS, CINNAMON SUGAR","",2020-11-13
1106288,branded_food,"SEASONED & SMOKED ST. LOUIS STYLE PORK SPARERIBS IN ORIGINAL BBQ SAUCE, ST. LOUIS STYLE PORK SPARERIBS","",2020-11-13
1106289,branded_food,"VEGGIE PEPPERONI MEATLESS SLICES, VEGGIE PEPPERONI","",2020-11-13
1106290,branded_food,"VEGGIE MEATLESS BEEF, VEGGIE","",2020-11-13
1106291,branded_food,WILD BLUEBERRIES IN WATER,"",2020-11-13
1106292,branded_food,SLICED CARROTS,"",2020-11-13
1106293,branded_food,"TRADITIONAL WHITE POCKET-LESS PITA, TRADITIONAL WHITE","",2020-11-13
1106294,branded_food,SUGAR FREE LEMON PIE,"",2020-11-13
1106295,branded_food,CHERRY PIE,"",2020-11-13
1106296,branded_food,NO SUGAR ADDED BLUEBERRY PIE,"",2020-11-13
1106297,branded_food,"PARMESAN & ROMANO GRATED CHEESE, PARMESAN & ROMANO","",2020-11-13
1106298,branded_food,MANDARIN ORANGES IN WATER,"",2020-11-13
1106299,branded_food,"BLUEBERRY PANCAKE & WAFFLE MIX, BLUEBERRY","",2020-11-13
370047,branded_food,ICE CREAM,"",2019-04-01
1106300,branded_food,ONION FLATBREAD,"",2020-11-13
1106301,branded_food,"OLDE CAPE COD, BBQ & GRILLING SAUCE, HONEY, ORANGE, HONEY, ORANGE","",2020-11-13
1106302,branded_food,"OLDE CAPE COD, BBQ & GRILLING SAUCE, CHIPOTLE, CHIPOTLE","",2020-11-13
1106303,branded_food,"BAR-B-QUE SAUCE, ROASTED GARLIC HONEY, ROASTED GARLIC HONEY","",2020-11-13
1106304,branded_food,SUPREME BASMATI RICE,"",2020-11-13
1106305,branded_food,"CHOCOLATE, STRAWBERRY FLAVORED VANILLA LOWFAT ICE CREAM WINTER SNOWMAN, CHOCOLATE, STRAWBERRY","",2020-11-13
1106306,branded_food,"MINT LOWFAT ICE CREAM FROSTY TREES WITH CANDY SPRINKLES, MINT","",2020-11-13
1106307,branded_food,LIGHTLY BREADED FLOUNDER FILLETS,"",2020-11-13
1106308,branded_food,"ORIGINAL GOAT CHEESE, ORIGINAL","",2020-11-13
1106309,branded_food,"BREADED CHICKEN BREAST PATTIES WITH RIB MEAT, CHICKEN BREAST PATTIES","",2020-11-13
1106310,branded_food,"TRADITIONALS GRAVY & 6 SALISBURY STEAKS MADE WITH CHICKEN, PORK AND BEEF, TRADITIONALS","",2020-11-13
1106311,branded_food,"CHICKEN WING SAUCE, MILD, MILD","",2020-11-13
1106312,branded_food,"ORIGINAL SWEET & SMOKY BAR """"B"""" """"Q"""" SAUCE, ORIGINAL","",2020-11-13
1106313,branded_food,"MARINARA PASTA SAUCE, MARINARA","",2020-11-13
1106314,branded_food,SEVEN HERB SEASONING BLEND,"",2020-11-13
1106315,branded_food,"STRAWBERRY FRUIT SNACKS, STRAWBERRY","",2020-11-13
1106316,branded_food,"100% WHOLE WHEAT FLOUR FAJITA TORTILLAS, 100% WHOLE WHEAT","",2020-11-13
1106317,branded_food,"WHITE CHOCOLATE, WHITE","",2020-11-13
1106318,branded_food,VEGETABLE EGG ROLL,"",2020-11-13
1106319,branded_food,"EL MONTEREY, CHICKEN TAQUITOS WITH SEASONED CORN TORTILLAS, NACHO CHEESE, NACHO CHEESE","",2020-11-13
1106320,branded_food,STRING CHEESE STICKS,"",2020-11-13
1106321,branded_food,"TURKEY PASTRAMI, TURKEY","",2020-11-13
1106322,branded_food,"SPICY BROWN MUSTARD, SPICY BROWN","",2020-11-13
1106323,branded_food,"DIJON MUSTARD MADE WITH WHITE WINE, DIJON","",2020-11-13
1106324,branded_food,"YELLOW MUSTARD, YELLOW","",2020-11-13
1106325,branded_food,VEGETABLE OIL,"",2020-11-13
1106326,branded_food,"GODIVA, ASSORTED CLASSIC TRUFFLES","",2020-11-13
1106327,branded_food,"GARLIC TOAST SLICES, GARLIC","",2020-11-13
1106328,branded_food,CANOLA OIL,"",2020-11-13
1106329,branded_food,A BLEND OF CANOLA & VEGETABLE OILS,"",2020-11-13
1106330,branded_food,CORN OIL,"",2020-11-13
1106331,branded_food,CANOLA OIL,"",2020-11-13
1106332,branded_food,"UNSALTED WHIPPED BUTTER, UNSALTED","",2020-11-13
1106333,branded_food,"FARM FAVORITES, SPRING VEGETABLES WITH ASPARAGUS AND GROUND PEPPERCORN, SPRING VEGETABLES","",2020-11-13
1106334,branded_food,"ITALIAN STYLE MEATBALLS, ITALIAN STYLE","",2020-11-13
1106335,branded_food,"SWEET HARVEST PUMPKIN BLACK TEA BAGS, SWEET HARVEST PUMPKIN","",2020-11-13
1106336,branded_food,"BERRY MEDLEY A SWEET BLEND OF WHOLE STRAWBERRIES, BLACKBERRIES, RASPBERRIES AND BLUEBERRIES, BERRY MEDLEY","",2020-11-13
1106337,branded_food,"HONEY RAISIN BRAN MUFFIN MIX, HONEY RAISIN BRAN","",2020-11-13
1106338,branded_food,"FRUIT COBBLER MIX FISH FRY PRODUCTS, FRUIT","",2020-11-13
1106339,branded_food,"CLASSIC SOURDOUGH ARTISAN BREAD MIX, CLASSIC SOURDOUGH","",2020-11-13
1106340,branded_food,SLIVERED ALMONDS,"",2020-11-13
1106341,branded_food,"DECAF SWEET COCONUT THAI CHAI ROOIBOS TEA & EXOTIC SPICES TEA BAGS, DECAF SWEET COCONUT THAI CHAI","",2020-11-13
1106342,branded_food,"SEASONED CRISPY SHRIMP FRY SEAFOOD BATTER MIX, SEASONED CRISPY SHRIMP FRY","",2020-11-13
1106343,branded_food,"SEASONED CRISPY CHICKEN FRY CHICKEN BATTER MIX, SEASONED CRISPY CHICKEN FRY","",2020-11-13
1106344,branded_food,GRANULATED SUGAR,"",2020-11-13
1106345,branded_food,PURE CANE SUGAR CUBES,"",2020-11-13
1106346,branded_food,"GOLDEN BROWN PURE CANE SUGAR, GOLDEN BROWN","",2020-11-13
1106347,branded_food,CONFECTIONERS POWDERED PURE CANE SUGAR WITH CORNSTARCH,"",2020-11-13
1106348,branded_food,"INSTANT CHOCOLATE DRINK, CHOCOLATE, CHOCOLATE","",2020-11-13
1106349,branded_food,"ROTISSERIE SEASONED CHICKEN BREAST, ROTISSERIE SEASONED","",2020-11-13
1106350,branded_food,HOT ITALIAN SAUSAGE,"",2020-11-13
1106351,branded_food,FRESH BRATWURST,"",2020-11-13
1106352,branded_food,"TOMATO PASTE, TOMATO","",2020-11-13
1106353,branded_food,CUT GREEN BEANS,"",2020-11-13
1106354,branded_food,SUPER SWEET WHOLE KERNEL CORN,"",2020-11-13
1106355,branded_food,SLICED BEETS,"",2020-11-13
1106356,branded_food,SLICED POTATOES,"",2020-11-13
1106357,branded_food,BEEF CHEDDAR FRANKS,"",2020-11-13
1106358,branded_food,"MEZZETTA, ITALIAN OLIVE ANTIPASTO MARINATED WITH FRESH GARLIC, HERBS & NAPA VALLEY CHARDONNAY","",2020-11-13
1106359,branded_food,NO SALT ADDED VERY YOUNG SWEET PEAS,"",2020-11-13
1106360,branded_food,"TOMATO SAUCE, TOMATO","",2020-11-13
1106361,branded_food,WHITE SWEET WHOLE KERNEL CORN,"",2020-11-13
1106362,branded_food,PETITE DICED TOMATOES,"",2020-11-13
1106363,branded_food,"CHOCOLATE SUPREME HOT COCOA MIX, CHOCOLATE SUPREME","",2020-11-13
1106364,branded_food,"VANILLA BRULEE HOT COCOA MIX, VANILLA BRULEE","",2020-11-13
1106365,branded_food,"JOS, SPICY NACHO CHEESE","",2020-11-13
1106366,branded_food,NACHO CHEESE SAUCE,"",2020-11-13
1106367,branded_food,"100% CRUNCHY BREADED WHOLE FISH FILLETS, CRUNCHY BREADED","",2020-11-13
1106368,branded_food,"BELL'S, LARGE PITTED RIPE OLIVES","",2020-11-13
1106369,branded_food,"SMOKED TURKEY, SMOKED","",2020-11-13
1106370,branded_food,"CLASSIC PREMIUM COOKED HAM, CLASSIC","",2020-11-13
1106371,branded_food,"YELLOW CORN CRISPY ROUNDS TORTILLA CHIPS, YELLOW CORN","",2020-11-13
1106372,branded_food,BARTLETT SLICED PEARS IN HEAVY SYRUP,"",2020-11-13
1106373,branded_food,"CHERRY PIE FILLING OR TOPPING, CHERRY","",2020-11-13
1106374,branded_food,ENRICHED HOMINY QUICK GRITS,"",2020-11-13
1106375,branded_food,VEGETABLE OIL,"",2020-11-13
1106376,branded_food,VEGETABLE OIL,"",2020-11-13
1106377,branded_food,HIGHLY REFINED PEANUT OIL,"",2020-11-13
1106378,branded_food,"GARDEN SOUP, CARROT GINGER, CARROT GINGER","",2020-11-13
1106379,branded_food,"LENTIL SOUP, LENTIL","",2020-11-13
1106380,branded_food,"COUNTRY GRAVY MIX, COUNTRY","",2020-11-13
1106381,branded_food,"ITALIAN BREAD, ITALIAN","",2020-11-13
1106382,branded_food,"ORIGINAL RECIPE HAMBURGER POTATO ROLLS, ORIGINAL RECIPE","",2020-11-13
1106383,branded_food,"ORIGINAL RECIPE HOT DOG POTATO ROLLS, ORIGINAL RECIPE","",2020-11-13
1106384,branded_food,"5-GRAIN BLEND KAMUT KHORASAN WHEAT, OATS, WHOLE GRAIN LONG RICE, BARLEY, SPELT, 5-GRAIN BLEND","",2020-11-13
1106385,branded_food,"WHITE CORN SUPER SIZE TORTILLAS, WHITE CORN","",2020-11-13
1106386,branded_food,"FLOUR BURRITO TORTILLAS, FLOUR","",2020-11-13
1106387,branded_food,"RED CHILE SAUCE, RED CHILE","",2020-11-13
1106388,branded_food,"VANILLA SMOOTH & CREAMY FROZEN YOGURT, VANILLA","",2020-11-13
1106389,branded_food,"BLACKBERRY DAIRY FREE FRUIT BARS, BLACKBERRY","",2020-11-13
1106390,branded_food,"CLASSIC FUDGE BARS, CLASSIC FUDGE","",2020-11-13
1106391,branded_food,"STRAWBERRY ICE CREAM, STRAWBERRY","",2020-11-13
1106392,branded_food,"MEATLOAF WITH PORTOBELLO MUSHROOM GRAVY MEATLOAF TOPPED WITH PORTOBELLO MUSHROOM GRAVY AND A SIDE OF CAULIFLOWER, GREEN BEANS AND ZUCCHINI, MEATLOAF WITH PORTOBELLO MUSHROOM GRAVY","",2020-11-13
1106393,branded_food,"CRUSTLESS CHICKEN POT PIE WHITE MEAT CHICKEN, BROCCOLI, CAULIFLOWER, SPINACH AND CARROTS IN A SHERRY & HERB CREAM SAUCE, CRUSTLESS CHICKEN POT PIE","",2020-11-13
1106394,branded_food,BBQ SAUCE,"",2020-11-13
1106395,branded_food,"THAI-STYLE COCONUT CHICKEN, MEDIUM SPICY","",2020-11-13
1106396,branded_food,SHRIMP PAD THAI,"",2020-11-13
