id,ingredients,ingredients_normalized
0,"['1 c. firmly packed brown sugar', '1/2 c. evaporated milk', '1/2 tsp. vanilla', '1/2 c. broken nuts (pecans)', '2 Tbsp. butter or margarine', '3 1/2 c. bite size shredded rice biscuits']","""['brown sugar', 'evaporated milk', 'vanilla', 'nut', 'butter', 'biscuit']"""
1,"['1 small jar chipped beef, cut up', '4 boned chicken breasts', '1 can cream of mushroom soup', '1 carton sour cream']","""['chipped beef', 'chicken breast', 'mushroom soup', 'sour cream']"""
2,"['2 (16 oz.) pkg. frozen corn', '1 (8 oz.) pkg. cream cheese, cubed', '1/3 c. butter, cubed', '1/2 tsp. garlic powder', '1/2 tsp. salt', '1/4 tsp. pepper']","""['corn', 'cream cheese', 'butter', 'garlic powder', 'salt', 'black pepper']"""
3,"['1 large whole chicken', '2 (10 1/2 oz.) cans chicken gravy', '1 (10 1/2 oz.) can cream of mushroom soup', '1 (6 oz.) box Stove Top stuffing', '4 oz. shredded cheese']","""['chicken', 'chicken gravy', 'mushroom soup', 'stuffing', 'cheese']"""
4,"['1 c. peanut butter', '3/4 c. graham cracker crumbs', '1 c. melted butter', '1 lb. (3 1/2 c.) powdered sugar', '1 large pkg. chocolate chips']","""['peanut butter', 'graham cracker', 'butter', 'sugar', 'chocolate']"""
5,"['6 baking potatoes', '1 lb. of extra lean ground beef', '2/3 c. butter or margarine', '6 c. milk', '3/4 tsp. salt', '1/2 tsp. pepper', '1 1/2 c (6 oz.) shredded Cheddar cheese, divided', '12 sliced bacon, cooked, crumbled and divided', '4 green onion, chopped and divided', '1 (8 oz.) carton sour cream (optional)']","""['baking potato', 'ground beef', 'butter', 'milk', 'salt', 'black pepper', 'cheddar cheese', 'bacon', 'green onion', 'sour cream']"""
6,"['1 1/2 c. sugar', '1/2 c. butter', '1 egg', '1 c. buttermilk', '2 c. flour', '1/2 tsp. salt', '1 tsp. soda', '1 c. buttermilk', '2 c. rhubarb, finely cut', '1 tsp. vanilla']","""['sugar', 'butter', 'egg', 'buttermilk', 'flour', 'salt', 'soda', 'rhubarb', 'vanilla']"""
7,"['1 can cream-style corn', '1 can whole kernel corn', '1/2 pkg. (approximately 20) saltine crackers, crushed', '1 egg, beaten', '6 tsp. butter, divided', 'pepper to taste']","""['cream-style corn', 'whole kernel corn', 'saltine cracker', 'egg', 'butter', 'black pepper']"""
8,"['1 1/2 lb. round steak (1-inch thick), cut into strips', '1 can drained tomatoes, cut up (save liquid)', '1 3/4 c. water', '1/2 c. onions', '1 1/2 Tbsp. Worcestershire sauce', '2 green peppers, diced', '1/4 c. oil']","""['round steak', 'tomato', 'water', 'onion', 'worcestershire sauce', 'pepper', 'oil']"""
9,"['1 large container Cool Whip', '1 large can crushed pineapple', '1 can condensed milk', '3 lemons', '1 c. pecans', '2 graham cracker crusts']","""['cool whip', 'crushed pineapple', 'condensed milk', 'lemon', 'pecan', 'graham cracker']"""
10,"['1 (17 oz.) can dark sweet pitted cherries', '1/2 c. ginger ale', '1 (6 oz.) pkg. Jell-O cherry flavor gelatin', '2 c. boiling water', '1/8 tsp. almond extract', '1 c. miniature marshmallows']","""['cherries', 'ginger ale', 'gelatin', 'water', 'almond extract', 'marshmallow']"""
11,"['1 box powdered sugar', '8 oz. soft butter', '1 (8 oz.) peanut butter', 'paraffin', '12 oz. chocolate chips']","""['powdered sugar', 'butter', 'peanut butter', 'paraffin', 'chocolate']"""
12,"['chicken wings (as many as you need for dinner)', 'flour', 'barbecue sauce (your choice)']","""['chicken', 'flour', 'barbecue sauce']"""
13,"['8 oz. Ortega taco sauce', '8 oz. sour cream', '8 oz. cream cheese', '1 lb. ground beef', '1 pkg. taco seasoning', 'shredded lettuce', '1 large diced tomato', '1 medium diced onion', '1 large diced green pepper', 'shredded Colby or Cheddar cheese']","""['taco sauce', 'sour cream', 'cream cheese', 'ground beef', 'taco seasoning', 'lettuce', 'tomato', 'onion', 'green pepper', 'cheese']"""
14,"['1 can pie filling (cherry or strawberry)', '1 can crushed pineapple, drained', '1 can sweetened condensed milk', '1 (8 oz.) container thawed whipped topping', '2 Tbsp. lemon juice']","""['pie filling', 'pineapple', 'sweetened condensed milk', 'whipped topping', 'lemon juice']"""
15,"['1 baked pie shell', '1 qt. cleaned strawberries', '1 1/2 c. water', '4 Tbsp. cornstarch', '1 c. sugar', '1/8 tsp. salt', '4 Tbsp. strawberry jello']","""['pie shell', 'strawberry', 'water', 'cornstarch', 'sugar', 'salt', 'strawberry jello']"""
16,"['1/2 pkg. chocolate fudge cake mix without pudding or 1 Jiffy mix', '1/2 pkg. white cake mix without pudding or 1 Jiffy mix', '1/4 c. Wesson oil']","""['chocolate fudge cake mix', 'white cake mix', 'oil']"""
17,"['1 large head broccoli (about 1 1/2 lb.)', '10 slices bacon, cooked and crumbled', '5 green onions, sliced or 1/4 c. chopped red onion', '1/2 c. raisins', '1 c. mayonnaise', '2 Tbsp. vinegar', '1/4 c. sugar']","""['broccoli', 'bacon', 'onion', 'raisin', 'mayonnaise', 'vinegar', 'sugar']"""
18,"['1 lb. frozen strawberries in juice', '1 small can crushed pineapple', '3 ripe bananas', '1 c. chopped pecans', '1 large pkg. strawberry Jell-O', '1 1/2 c. boiling water', '1 pt. sour cream']","""['strawberry', 'pineapple', 'banana', 'pecan', 'jell-o', 'water', 'sour cream']"""
19,"['3/4 c. sugar', '1/2 c. shortening', '1 1/2 c. applesauce', '3 level tsp. soda', '1 tsp. each: cinnamon, cloves and nutmeg', '2 c. sifted flour', '1 c. raisins', '1 c. nuts']","""['sugar', 'shortening', 'applesauce', 'soda', 'cinnamon', 'cloves', 'nutmeg', 'flour', 'raisins', 'nuts']"""
20,"['1 c. sugar', '1/2 c. shortening', '2 eggs (add one at a time)', '1 tsp. salt', '2 tsp. soda', '2 c. flour', '1/4 c. nuts', '2 over-ripe bananas (chopped)']","""['sugar', 'shortening', 'egg', 'salt', 'soda', 'flour', 'nut', 'banana']"""
21,"['1 pkg. devils food cake mix', '1 pkg. chocolate fudge pudding mix (instant)', '8 oz. sour cream', '3/4 c. water', '1/2 c. Wesson oil', '4 eggs', '6 oz. chopped Frango mints']","""['devils food cake mix', 'chocolate fudge pudding mix', 'sour cream', 'water', 'oil', 'egg', 'frango mint candy']"""
22,"['2 c. 7-Up or Sprite', '1 c. vegetable oil', '1 c. Kikkoman soy sauce', 'garlic salt']","""['7-up', 'vegetable oil', 'soy sauce', 'garlic']"""
23,"['1/2 bushel tomatoes', '1 c. oil', '1/4 c. minced garlic', '6 cans tomato paste', '3 peppers (2 sweet and 1 hot)', '1 1/2 c. sugar', '1/2 c. salt', '1 Tbsp. sweet basil', '2 Tbsp. oregano', '1 tsp. Italian seasoning']","""['tomato', 'oil', 'garlic', 'tomato paste', 'pepper', 'sugar', 'salt', 'basil', 'oregano', 'italian seasoning']"""
24,"['1 1/2 lb. ground beef', '1 c. tomato juice', '3/4 c. oats (uncooked)', '1 egg, beaten', '1/4 c. chopped onion', '1/4 tsp. pepper', '1 1/2 tsp. salt']","""['ground beef', 'tomato juice', 'oat', 'egg', 'onion', 'black pepper', 'salt']"""
25,"['2 lb. round steak', '1/2 tsp. ground black pepper', '1 tsp. ground white pepper', '1/2 c. vegetable oil', '2 bell peppers, chopped', '1 c. beef stock or water', '2 tsp. salt', '1 tsp. ground red pepper', 'all-purpose flour (dredging)', '3 medium onions, chopped', '1 celery rib, chopped']","""['round steak', 'black pepper', 'white pepper', 'vegetable oil', 'bell pepper', 'beef stock', 'water', 'salt', 'red pepper', 'flour', 'onion', 'celery']"""
26,"['2 lb. round steak 1/2 to 3/4-inch thick, sliced in strips 1/8-inch thick (or thinner) and 3 1/2 to 4-inches long (easily sliced if partially frozen)', '2 Tbsp. cooking oil', '1 can (15 oz.) tomato sauce', '1/3 c. water', '2 Tbsp. brown sugar', '1 Tbsp. prepared mustard', '1 tbsp. Worcestershire sauce', '1 medium sized onion, thinly sliced']","""['round steak', 'oil', 'tomato sauce', 'water', 'brown sugar', 'mustard', 'worcestershire sauce', 'onion']"""
27,"['1 (14 oz.) can sweetened condensed milk', '1 (12 oz.) pkg. semi-sweet chocolate chips', '1 (1 oz.) sq. unsweetened chocolate (if desired)', '1 1/2 c. chopped nuts (if desired)', '1 tsp. vanilla']","""['sweetened condensed milk', 'chocolate', 'nuts', 'vanilla']"""
28,"['1 lb. Ground Beef', '1 pkg. taco seasoning', '1 san Kidney beans', '1 onion, chopped', '1 C salsa', '4 green peppers', '1 medium Tomato, chopped', '1/2 C cheddar cheese, shredded', '1/2 C sour cream']","""['ground beef', 'taco seasoning', 'kidney bean', 'onion', 'salsa', 'pepper', 'tomato', 'cheddar cheese', 'sour cream']"""
29,"['1 c. milk', '2 Tbsp. sugar', '1 pkg. dry yeast', '1 Tbsp. salt', '3 Tbsp. Crisco oil', '2 c. plain flour']","""['milk', 'sugar', 'yeast', 'salt', 'oil', 'flour']"""
30,"['2 large cans sliced peaches', '2 large cans fruit cocktail', '1 large can diced pineapple', '1 qt. fresh strawberries', '2 red apples', '2 yellow apples', '4 large ripe bananas', '1 lb. white grapes', '1 lb. purple grapes']","""['peach', 'fruit cocktail', 'pineapple', 'strawberry', 'apple', 'banana', 'grape']"""
31,"['1 pkg. chicken cutlets', '1/2 c. oil', '1/3 c. red vinegar', '2 Tbsp. oregano', '2 Tbsp. garlic salt']","""['chicken cutlet', 'oil', 'red vinegar', 'oregano', 'garlic']"""
32,"['2 cans cherry pie mix', '1 box deluxe white cake mix', '1 stick butter', '1 c. ground nuts']","""['cherry pie mix', 'white cake mix', 'butter', 'ground nut']"""
33,"['3 eggs', '1 tsp. salt', '1/4 tsp. pepper', '2 c. half and half', '3 c. potatoes, shredded coarse', '1 c. Cheddar cheese, coarsely shredded', '1/3 c. green onions']","""['egg', 'salt', 'black pepper', 'half and half', 'potato', 'cheddar cheese', 'green onion']"""
34,"['1 box macaroni and cheese', '1 can tuna, drained', '1 small jar pimentos', '1 medium onion, chopped']","""['macaroni and cheese', 'tuna', 'pimento', 'onion']"""
35,"['2 cans or jars artichoke hearts', '1 c. mayonnaise', '1 c. Parmesan cheese']","""['artichoke heart', 'mayonnaise', 'parmesan cheese']"""
36,"['16 oz. sour cream', '1 pkg. dry vegetable soup mix', '10 oz. pkg. frozen chopped broccoli, thawed and drained', '4 to 6 oz. Cheddar cheese, grated']","""['sour cream', 'vegetable soup mix', 'broccoli', 'cheddar cheese']"""
37,"['1 lb. very thin spaghetti', '1/2 bottle McCormick Salad Supreme (seasoning)', '1 bottle Zesty Italian dressing']","""['spaghetti', 'salad supreme', 'italian dressing']"""
38,"['1 (16 oz.) can pear halves, undrained', '1 (3 oz.) pkg. lime gelatin', '1 (8 oz.) pkg. cream cheese, softened', '1 (8 oz.) carton lemon yogurt']","""['pear', 'lime gelatin', 'cream cheese', 'lemon yogurt']"""
39,"['7 lb. watermelon rind', '7 c. sugar', '2 c. apple vinegar', '1/2 tsp. oil of cloves', '1/2 tsp. oil of cinnamon']","""['watermelon rind', 'sugar', 'apple vinegar', 'cloves', 'cinnamon']"""
40,"['3 lb. chicken, boiled', '4 medium potatoes, diced', '2 medium onions, chopped', '1 (16 oz.) can creamed corn', '1 (16 oz.) can English peas', '1 (16 oz.) can field peas', '1 (16 oz.) can butter beans', '1 (16 oz.) can tomatoes', '1 (46 oz.) can tomato juice', '1 small box macaroni', '1 Tbsp. black pepper', '1 Tbsp. salt', '1 Tbsp. sugar']","""['chicken', 'potato', 'onion', 'creamed corn', 'english pea', 'field pea', 'butter bean', 'tomato', 'tomato juice', 'macaroni', 'black pepper', 'salt', 'sugar']"""
41,"['3 Tbsp. softened butter or margarine', '1/2 c. granulated sugar', '1 egg', '1 c. flour', '1 1/4 tsp. baking powder', '1/4 tsp. salt', '1/3 c. milk', '1/4 tsp. vanilla', '1/3 c. brown sugar, packed', '1/2 tsp. cinnamon', '2 Tbsp. butter or margarine']","""['butter', 'sugar', 'egg', 'flour', 'baking powder', 'salt', 'milk', 'vanilla', 'brown sugar', 'cinnamon']"""
42,"['5 c. flour', '3 Tbsp. sugar', '4 tsp. baking powder', '1 1/2 pkg. dry yeast', '2 c. buttermilk', '1 tsp. soda', '1 1/2 sticks margarine', '1/2 c. warm water']","""['flour', 'sugar', 'baking powder', 'yeast', 'buttermilk', 'soda', 'margarine', 'water']"""
43,"['8 marshmallows', '2 Tbsp. margarine, melted', '1/4 c. crushed peppermint candy', '1 can crescent rolls']","""['marshmallow', 'margarine', 'peppermint candy', 'crescent roll']"""
44,"['1 box yellow cake mix', '1/4 c. water', '1/4 c. brown sugar', '1/2 c. soft butter', '2 eggs', '1/2 c. chopped nuts']","""['yellow cake mix', 'water', 'brown sugar', 'butter', 'egg', 'nut']"""
45,"['1 c. flour', '1 c. sugar', '1/2 c. oleo, softened', '4 eggs', '1 can chocolate syrup']","""['flour', 'sugar', 'oleo', 'egg', 'chocolate syrup']"""
46,"['3 c. self rising flour', '1 - 12 oz. can beer', '1 Tbsp. sugar']","""['flour', 'beer', 'sugar']"""
47,"['1/4 c. margarine', '1/4 c. chopped onion (or as much as you want)', 'chopped celery to taste', '1/4 c. flour', '1/8 tsp. curry powder', '1 can sliced mushrooms (save juice)', '1 can cream of celery soup', '1 pkg. chopped broccoli', '1 cubed chicken', 'shredded Monterey Jack cheese']","""['margarine', 'onion', 'celery', 'flour', 'curry powder', 'mushroom', 'celery soup', 'broccoli', 'chicken', 'cheese']"""
48,"['1 1/2 c. sifted flour', '1/2 tsp. baking powder', '1/2 tsp. salt', '1/2 c. butter', '2/3 c. sugar', '3 egg yolks', '1 tsp. vanilla', 'multi-colored candies']","""['flour', 'baking powder', 'salt', 'butter', 'sugar', 'egg yolk', 'vanilla', 'candy']"""
49,"['1/2 lb. ground beef', '2 c. water', '1 tsp. sugar', '1 pkg. Cup-a-Soup onion soup mix (dry)', '1 lb. can stewed tomatoes', '1 (8 oz.) can tomato sauce', '1 (10 oz.) pkg. frozen mixed vegetables']","""['ground beef', 'water', 'sugar', 'onion soup mix', 'tomato', 'tomato sauce', 'frozen mixed vegetables']"""
50,"['4 chicken breasts, cooked', '1 can cream of chicken soup', '1 can cream of mushroom soup', '1 can green chili salsa sauce', '1 can green chilies', '1 c. milk', '1 grated onion', '1 pkg. corn tortilla in pieces']","""['chicken breast', 'cream of chicken soup', 'cream of mushroom soup', 'green chili salsa sauce', 'green chili', 'milk', 'onion', 'corn tortilla']"""
51,"['4 c. shredded cabbage', '1/2 c. shredded carrots', '1/4 c. finely chopped green pepper', '2 Tbsp. finely chopped onion', '1/2 c. mayonnaise', '1 Tbsp. vinegar', '2 tsp. sugar', '1 tsp. celery seed', '1/4 tsp. salt']","""['cabbage', 'carrot', 'pepper', 'onion', 'mayonnaise', 'vinegar', 'sugar', 'celery seed', 'salt']"""
52,"['2 lb. flounder or pollack fillets', '1 1/2 c. chopped tomatoes', '1/2 c. chopped green pepper', '1/3 c. lemon juice', '1 Tbsp. salad oil', '2 tsp. salt', '2 tsp. minced onion', '1 tsp. basil leaves', '1/4 tsp. coarsely ground black pepper', '4 drops red pepper sauce', 'green pepper rings']","""['flounder', 'tomato', 'pepper', 'lemon juice', 'oil', 'salt', 'onion', 'basil', 'black pepper', 'red pepper sauce']"""
53,"['1 can green beans, wash and drain', '1 can yellow beans, wash and drain', '1 can kidney beans, wash and drain', '1 c. sugar', '1/2 c. salad oil', '2/3 c. vinegar', '1/3 c. water']","""['bean', 'sugar', 'oil', 'vinegar', 'water']"""
54,"['1 (16 1/2 oz.) can whole kernel corn, drained', '1 (16 1/2 oz.) can cream-style corn', '1 (8 oz.) sour cream', '1 (8 1/2 oz.) pkg. Jiffy corn bread mix', '1 stick margarine']","""['corn', 'cream', 'corn bread mix', 'margarine']"""
55,"['1 lb. ground beef', '1/3 c. chopped onion', '1 can tomato soup', '2 c. cooked wide noodles', '1/2 tsp. oregano', '1/2 tsp. salt', '1/3 c. water', '1 c. cheese']","""['ground beef', 'onion', 'tomato soup', 'noodles', 'oregano', 'salt', 'water', 'cheese']"""
56,"['1 small cabbage, shredded', '1 tsp. dry mustard', '1 can corned beef, flaked', '1 can cream of celery soup', '1 medium chopped onion']","""['cabbage', 'mustard', 'corned beef', 'celery soup', 'onion']"""
57,"['1 Tbsp. Worcestershire sauce', '2 or 3 shakes Old Bay', '1 tsp. dry mustard', '2 Tbsp. mayonnaise', '1 egg']","""['worcestershire sauce', 'old bay', 'mustard', 'mayonnaise', 'egg']"""
58,"['2 (8 oz.) pkg. cream cheese, softened', '1/2 c. mayonnaise or salad dressing', '8 oz. mild taco sauce', '2 to 4 thinly sliced green onions', '1/2 green pepper, chopped', '1 tomato, chopped', '1 c. Mozzarella cheese', '1 c. Cheddar cheese', '1/2 c. black olives (optional)', 'tortilla chips']","""['cream cheese', 'mayonnaise', 'taco sauce', 'green onion', 'pepper', 'tomato', 'mozzarella cheese', 'cheddar cheese', 'black olive', 'tortilla chip']"""
59,"['1/2 lb. soft butter', '1/2 c. peanut butter', '1/2 lb. graham cracker crumbs', '2 c. coconut', '1/2 c. nut meats (optional)', 'dash of vanilla']","""['butter', 'peanut butter', 'graham cracker', 'coconut', 'nut meat', 'vanilla']"""
60,"['1 lb. orange sliced candy, chopped', '2 cans Angel Flake coconut', '2 c. chopped pecans', '2 cans condensed milk', '1 tsp. vanilla', '1 tsp. orange flavoring']","""['orange candy', 'coconut', 'pecan', 'condensed milk', 'vanilla', 'orange flavoring']"""
61,"['1 yellow cake mix', '2 eggs', '1 stick oleo, melted', '1 c. chopped nuts', '2 eggs', '8 oz. softened cream cheese', '1 lb. powdered sugar']","""['yellow cake mix', 'egg', 'oleo', 'nut', 'cream cheese', 'powdered sugar']"""
62,"['1 large can chunk pineapple', '4 to 5 bananas']","""['pineapple', 'banana']"""
63,"['1 can cream of mushroom soup', '1 can cream of chicken soup', '1 can cream of celery soup', '1 cut up chicken', '1/2 c. melted butter or margarine', '1 1/2 c. uncooked rice']","""['cream of mushroom soup', 'cream of chicken soup', 'cream of celery soup', 'chicken', 'butter', 'rice']"""
64,"['1 (8 oz.) pkg. cream cheese', '1 can sweetened condensed milk', '1/2 c. crushed pineapple', '1/3 c. chopped nuts', '1/3 c. lemon juice']","""['cream cheese', 'sweetened condensed milk', 'pineapple', 'nut', 'lemon juice']"""
65,"['1 (8 oz.) Jell-O sugar-free vanilla or French vanilla pudding (put in dry)', '1 (8 oz.) Philadelphia light cream cheese', '2 Tbsp. butter', '2 Tbsp. peanut butter or more if you would like']","""['jell-o pudding', 'cream cheese', 'butter', 'peanut butter']"""
66,"['4 medium peaches, peeled and chopped', '1 to 1 1/4 c. sugar', '1 1/4 c. sour cream (use light)', '1/4 c. lemon juice', '3/4 to 1 tsp. vanilla']","""['peach', 'sugar', 'sour cream', 'lemon juice', 'vanilla']"""
67,"['16 oz. Cool Whip', '2 pkg. frozen strawberries *', '2 (9-inch) deep pan pie crusts', '1 3/4 c. sugar', '12 oz. cream cheese']","""['cool whip', 'strawberry', 'pie crust', 'sugar', 'cream cheese']"""
68,"['1 stick margarine', '1 1/2 c. graham cracker crumbs', '1/4 c. granulated sugar']","""['margarine', 'graham cracker', 'sugar']"""
69,"['2 c. sifted flour', '1 1/2 tsp. baking soda', '1/4 tsp. salt', '1/2 c. shortening', '1 1/2 c. sugar', '2 eggs, separated', '1/2 c. cocoa', 'water', '1 tsp. vanilla', '1 c. milk']","""['flour', 'baking soda', 'salt', 'shortening', 'sugar', 'egg', 'cocoa', 'water', 'vanilla', 'milk']"""
70,"['3 medium apples, chopped', '2 c. raisins', '1 c. brown sugar', '1 c. granulated sugar', '2 Tbsp. shortening', '2 c. cold water', '3 c. flour', '2 tsp. soda', '1 tsp. cinnamon', '1 tsp. nutmeg', '1 tsp. cloves', '1 tsp. salt', '1 c. nuts']","""['apple', 'raisin', 'brown sugar', 'granulated sugar', 'shortening', 'water', 'flour', 'soda', 'cinnamon', 'nutmeg', 'cloves', 'salt', 'nut']"""
71,"['6 c. diced potatoes', '1/2 c. chopped onion', '3/4 c. melted butter', '1 can cream of chicken soup', '1 (8 oz.) sour cream', '1 c. grated Cheddar cheese', '2 c. crushed cornflakes']","""['potato', 'onion', 'butter', 'cream of chicken soup', 'sour cream', 'cheddar cheese', 'cornflake']"""
72,"['vanilla wafers', 'butter']","""['vanilla wafers', 'butter']"""
73,"['2 2/3 c. sugar', '2/3 c. white corn syrup (Karo)', '2/3 c. cold water', '2 egg whites', '1 tsp. vanilla', '1 c. chopped nuts']","""['sugar', 'corn syrup', 'water', 'egg white', 'vanilla', 'nut']"""
74,"['apples', '1/2 c. sugar', '1 tsp. cinnamon', '1/4 c. sugar', '1 c. flour', 'dash of salt', '1/2 c. corn flake crumbs', '1 stick oleo']","""['apple', 'sugar', 'cinnamon', 'flour', 'salt', 'cornflake', 'oleo']"""
75,"['2 c. Bisquick', '1 lb. sausage', '8 oz. pkg. Cheddar cheese, grated']","""['bisquick', 'sausage', 'cheddar cheese']"""
76,"['chicken parts', '1 can cream of chicken soup', '1 can consomme', '2 c. rice', 'salt to taste', 'pepper to taste']","""['chicken', 'cream of chicken soup', 'consomme', 'rice', 'salt', 'black pepper']"""
77,"['1/2 c. celery', '2 chopped onions', '2 Tbsp. butter', '1 lb. ground beef', '2 Tbsp. vinegar', '2 Tbsp. lemon juice', '2 Tbsp. brown sugar', '1 1/2 Tbsp. mustard', '1 tsp. salt', '1 1/2 tsp. pepper', '1 c. catsup', '1 c. water']","""['celery', 'onion', 'butter', 'ground beef', 'vinegar', 'lemon juice', 'brown sugar', 'mustard', 'salt', 'pepper', 'catsup', 'water']"""
78,"['2 (13 3/4 oz.) cans chicken broth', '1 Tbsp. cornstarch', '1 well beaten egg', '2 Tbsp. sliced (1/4-inch) green onion']","""['chicken broth', 'cornstarch', 'egg', 'green onion']"""
79,"['1/2 gal. apple juice', '1 tsp. allspice', '1 tsp. whole cloves', '1 cinnamon stick', '1 c. brown sugar']","""['apple juice', 'allspice', 'cloves', 'cinnamon', 'brown sugar']"""
80,"['1 Tbsp. sesame seed, toasted', '2 tsp. grated ginger', '2 Tbsp. honey', '2 Tbsp. reduced-sodium soy sauce', '4 (4 oz.) skinned chicken breast halves', 'vegetable cooking spray', 'thin green onion strips']","""['sesame seed', 'ginger', 'honey', 'soy sauce', 'chicken', 'vegetable oil', 'green onion']"""
81,"['1 Vidalia onion, chopped', '1 (16 oz.) pkg. fresh mushrooms', '2 green peppers', '1 clove garlic', 'olive oil', '6 pieces bread (buttered with either butter or margarine)', '6 eggs', 'milk (as much as you would like; to fluff eggs)']","""['onion', 'mushroom', 'pepper', 'garlic', 'olive oil', 'bread', 'egg', 'milk']"""
82,"['1 (12 oz.) bag raw cranberries (2 c.)', '1 c. sugar', '1 medium apple, peeled, cored and cut into wedges', '1 orange, peeled, seeded and broken in wedges', '1 (3 oz.) pkg. orange gelatin', '1/2 c. nuts (optional)']","""['cranberry', 'sugar', 'apple', 'orange', 'gelatin', 'nut']"""
83,"['1 c. raw rice', '1 can beef consomme', '1 can French onion soup', '1 (4 oz.) can mushrooms', '1/2 stick margarine, cut up']","""['rice', 'beef stock', 'french onion soup', 'mushroom', 'margarine']"""
84,"['2 (3 oz.) pkg. softened cream cheese', '2 Tbsp. margarine', '2 Tbsp. sugar', '1 (16 oz.) can whole berry cranberry sauce', '3/4 c. crushed pineapple, drained', '1/2 c. chopped walnuts', '1 c. whipping cream']","""['cream cheese', 'margarine', 'sugar', 'cranberry sauce', 'pineapple', 'walnut', 'whipping cream']"""
85,"['2 lb. Velveeta cheese', '1 (15 oz.) can Italian tomatoes', '2 small cans green chili peppers', '1/2 medium onion, minced', '3 cloves garlic', '1/2 tsp. salt']","""['veggie cheese', 'tomato', 'green chili pepper', 'onion', 'garlic', 'salt']"""
86,"['1 1/3 c. flour', '1 1/4 tsp. salt', '1/2 tsp. soda', '2 Tbsp. sugar', '3/4 Tbsp. baking powder', '1 egg, beaten', '2/3 c. milk (more if batter is too thick)', 'oil (for frying)', 'powdered sugar']","""['flour', 'salt', 'soda', 'sugar', 'baking powder', 'egg', 'milk', 'oil', 'powdered sugar']"""
87,"['4 lb. confectioners sugar', '1 c. cocoa', '1 c. chopped nuts', '1 lb. margarine (not whipped)', '1 lb. Velveeta', '1 Tbsp. vanilla']","""['confectioners sugar', 'cocoa', 'nuts', 'margarine', 'veelveeta', 'vanilla']"""
88,"['3 lb. squash', '3 onions', '1 pt. sour cream', '3 carrots, grated', '2 cans chicken or mushroom soup', '1 pkg. Pepperidge Farm stuffing mix', '1 stick butter', 'salt and pepper to taste']","""['squash', 'onion', 'sour cream', 'carrot', 'chicken soup', 'stuffing mix', 'butter', 'black pepper']"""
89,"['2 pkg. cream cheese', '2 c. shredded Cheddar cheese (8 oz.)', '1 Tbsp. chopped pimento', '1 Tbsp. chopped green pepper', '1 Tbsp. chopped onion', '1 tsp. lemon juice', '2 tsp. Worcestershire sauce', 'dash of Tabasco sauce', 'dash of salt']","""['cream cheese', 'cheddar cheese', 'pimento', 'green pepper', 'onion', 'lemon juice', 'worcestershire sauce', 'tabasco sauce', 'salt']"""
90,"['1 large pkg. apricot jello (6 oz.)', '2/3 c. sugar', '1 (8 oz.) pkg. cream cheese', '2 jars Junior baby food apricots', '1 (No. 2) can crushed pineapple (20 oz.)', '1 tall can evaporated milk, chilled and whipped', '2/3 c. water']","""['apricot jello', 'sugar', 'cream cheese', 'apricot', 'crushed pineapple', 'evaporated milk', 'water']"""
91,"['3 c. plain flour (cake flour may be substituted for plain flour)', '3 c. sugar', '1/2 tsp. baking powder', '3 dashes of salt', '5 eggs', '2 sticks margarine', '1/2 c. butter flavor Crisco', '1 c. sweet milk', '1 to 2 Tbsp. flavoring (lemon, vanilla or almond or a combination of the 3)']","""['flour', 'sugar', 'baking powder', 'salt', 'egg', 'margarine', 'butter flavor', 'milk', 'flavoring']"""
92,"['2 loaves frozen bread, softened', '1/2 c. margarine', '1 c. brown sugar', '1 large box vanilla pudding (not instant)', '2 Tbsp. milk', 'cinnamon to taste']","""['bread', 'margarine', 'brown sugar', 'vanilla pudding', 'milk', 'cinnamon']"""
93,"['1 (8 oz.) can crescent rolls', '1 1/2 c. grated medium or sharp cheese', '1 hen, cooked and diced', '1 can cream of chicken soup', '1 1/2 c. milk']","""['crescent roll', 'cheese', 'chicken', 'cream of chicken soup', 'milk']"""
94,"['1 can Spanish rice', '1 can corned beef', '1 diced onion', '1/2 c. grated Cheddar cheese']","""['rice', 'beef', 'onion', 'cheddar cheese']"""
95,"['3 (1 lb.) cans pork and beans', '1/2 c. bell pepper, chopped', '1/2 c. onions, chopped', '3/4 c. catsup', '1/3 c. brown sugar, packed hard', '1 tsp. salt', '1/3 tsp. black pepper', '1 lb. ground beef', '1 Tbsp. oil']","""['pork and beans', 'bell pepper', 'onion', 'catsup', 'brown sugar', 'salt', 'black pepper', 'ground beef', 'oil']"""
96,"['2 c. diced cooked chicken', '2 Tbsp. shortening', '1/2 c. onion (large chunks)', '2 c. carrot chunks', '1 1/4 c. water', '3 chicken bouillon cubes', '1/4 c. packed brown sugar', '2 Tbsp. cornstarch', '1/4 tsp. ginger', '1/4 c. catsup', '2 Tbsp. vinegar', '1 Tbsp. soy sauce', '1 c. green pepper (large chunks)', '8 oz. pineapple chunks']","""['chicken', 'shortening', 'onion', 'carrot', 'water', 'chicken bouillon', 'brown sugar', 'cornstarch', 'ginger', 'catsup', 'vinegar', 'soy sauce', 'green pepper', 'pineapple']"""
97,"['8 to 10 juicy oranges, peeled and diced', '1 c. moist coconut', '1/2 c. pecans, chopped', '1/2 c. cherries, halved', '1/4 c. sugar', '1 c. orange juice']","""['orange', 'coconut', 'pecan', 'cherry', 'sugar', 'orange juice']"""
98,"['1 c. creamy peanut butter', '1 c. sugar', '1 egg']","""['peanut butter', 'sugar', 'egg']"""
99,"['1 box yellow cake mix', '2 eggs', '1/3 c. soft margarine', '1 can Eagle Brand milk', '1 c. pecans', '1/2 c. Bits O Brickle']","""['yellow cake mix', 'egg', 'margarine', 'milk', 'pecan', 'bits o brickle']"""
100,"['1 c. flour', '1 tsp. soda', '1 tsp. salt', '1 Tbsp. sugar', '1 egg', '3 Tbsp. margarine, melted', '1 c. buttermilk']","""['flour', 'soda', 'salt', 'sugar', 'egg', 'margarine', 'buttermilk']"""
101,"['1/4 c. butter', '1/4 lb. mushrooms, sliced', '1 garlic clove, minced', '1 medium zucchini, sliced thinly', '1/4 c. chopped onion', '1 c. diced, cooked ham', '4 eggs', '2 c. Ricotta cheese', '1 c. shredded Monterey Jack', '1 (10 oz.) pkg. frozen spinach, thawed and drained', '1/2 tsp. dill weed', 'salt and pepper']","""['butter', 'mushroom', 'garlic', 'zucchini', 'onion', 'ham', 'egg', 'ricotta', 'monterey jack', 'spinach', 'dill', 'black pepper']"""
102,"['1 c. red cabbage, finely chopped', '2 Tbsp. butter', '2 apples, finely sliced', '1 Tbsp. brown sugar', '1 Tbsp. vinegar']","""['cabbage', 'butter', 'apple', 'brown sugar', 'vinegar']"""
103,"['4 lb. potatoes, cooked', '6 slices bacon, diced', '1/2 c. sugar', '3 Tbsp. flour', '2 tsp. salt', '1/4 tsp. pepper', '1 c. cider vinegar', '1 c. water', '4 green onions, sliced']","""['potato', 'bacon', 'sugar', 'flour', 'salt', 'black pepper', 'cider vinegar', 'water', 'onion']"""
104,"['2 Tbsp. butter', '2 medium onions, chopped', '1 lb. ground beef or turkey', '1 clove garlic, minced', '3 c. beef or chicken broth', '1 (28 oz.) can tomatoes, chopped', '1 c. diced potatoes', '3 carrots, chopped', '1 c. celery, chopped', '1 c. frozen green beans', '1 c. dry red wine', '1/2 tsp. basil', '1/4 tsp. thyme', 'salt and pepper to taste']","""['butter', 'onion', 'ground beef', 'garlic', 'beef broth', 'tomato', 'potato', 'carrot', 'celery', 'green bean', 'red wine', 'basil', 'thyme', 'black pepper']"""
105,"['1 (1 lb. 2 oz.) jar Tang', '1 pkg. lemonade Kool Aid with sugar added', '2 c. sugar', '1 tsp. ground cloves', '2 tsp. cinnamon', '1/2 c. instant tea']","""['tang', 'lemonade kool aid', 'sugar', 'cloves', 'cinnamon', 'tea']"""
106,"['1 can Manwich', '1 lb. hamburg', 'American cheese slices', 'noodles, cooked and drained']","""['manwich', 'hamburger', 'cheese', 'noodle']"""
107,"['1/2 c. shortening', '1/2 c. butter', '1 c. sugar', '2 eggs, beaten', '1 1/2 tsp. vanilla', '2 1/2 c. flour', '1 tsp. baking powder', '1/2 tsp. salt']","""['shortening', 'butter', 'sugar', 'egg', 'vanilla', 'flour', 'baking powder', 'salt']"""
108,"['1 lime, cut into wedges', '1 orange, cut into slices', '1/2 large apple, cut into thin wedges', '1/2 to 3/4 c. sugar', '1 bottle dry red Spanish wine', '1/4 c. brandy', '1/4 c. Triple Sec', 'club soda']","""['lime', 'orange', 'apple', 'sugar', 'red wine', 'brandy', 'triple sec', 'soda']"""
109,"['1 lb. cooked, crumbled hamburger (drained)', '1 c. onion, chopped', '1 c. kidney beans, cooked and drained', '1 c. butter beans', '1 c. baked beans', '3/4 c. ketchup', '1 sm. can mild green chilies, chopped (opt.)', '1 TBSP prepared mustard', '1 tsp. beef bouillon', '1/2 c. water', '2 TBSP. honey', '2/3 c. bell pepper, chopped', '1 tsp. Worcestershire sauce', '1/2 tsp. garlic pwd']","""['hamburger', 'onion', 'kidney bean', 'butter bean', 'baked bean', 'ketchup', 'green chili', 'mustard', 'beef bouillon', 'water', 'honey', 'bell pepper', 'worcestershire sauce', 'garlic']"""
110,"['4 c. quick cooking oats', '2 c. brown sugar, packed', '1 c. salad oil', '2 eggs, well beaten', '1/2 tsp. salt', '1 tsp. almond extract']","""['oat', 'sugar', 'oil', 'egg', 'salt', 'almond extract']"""
111,"['1 can Chinese noodles', '1 can Campbells cream of mushroom soup', '3/4 c. water', '1 (6 1/2 oz.) can Chicken of the Sea tuna, drained and broken in chunks', '1 c. cashews or peanuts', '1 c. chopped celery', '1/2 c. finely chopped onion', '1/2 c. cooked peas', 'soy sauce']","""['noodle', 'mushroom soup', 'water', 'tuna', 'cashew', 'celery', 'onion', 'pea', 'soy sauce']"""
112,"['1/2 lb. Cheddar cheese, shredded', '1 (8 oz.) pkg. cream cheese', '1 small flat can deviled ham', '1 Tbsp. pimiento, chopped', 'approximately 1 Tbsp. dried parsley, soaked in water, then patted dry on paper towel', 'dash of Worcestershire sauce', '1/2 tsp. fresh minced onion']","""['cheddar cheese', 'cream cheese', 'ham', 'pimiento', 'dried parsley', 'worcestershire sauce', 'onion']"""
113,"['2 (8 oz.) cream cheese', '2/3 can chopped black olives', '1 jar Armour dried beef', '4 green onions (tops and all)', '1/2 jar mushrooms']","""['cream cheese', 'black olive', 'dried beef', 'green onion', 'mushroom']"""
114,"['3 1/2 c. (8 oz.) large shells (uncooked)', '2 c. cubed, cooked chicken (light meat)', '2 c. fresh, raw broccoli flowerets', '2 c. fresh, raw cauliflower', '1 c. sliced carrots', '1 c. sliced green onions', '1/2 lb. fresh mushrooms, sliced', '1 c. (8 oz. bottle) reduced calorie creamy Italian salad dressing', '3/4 c. skim milk', 'salt and pepper to taste']","""['shells', 'chicken', 'broccoli', 'cauliflower', 'carrot', 'green onion', 'mushroom', 'salad dressing', 'milk', 'black pepper']"""
115,"['1 (9 oz.) pkg. frozen artichoke hearts', '2 Tbsp. water', '3 medium zucchini (1 lb.), sliced 1/4-inch thick (4 c.)', '2 c. fresh mushrooms, halved', '2 Tbsp. finely chopped green onion', '2 cloves garlic, minced', '1 Tbsp. margarine or butter', '2 medium tomatoes, cut into wedges and seeded', '1/4 c. grated Parmesan cheese']","""['artichoke heart', 'water', 'zucchini', 'mushroom', 'green onion', 'garlic', 'margarine', 'tomato', 'parmesan cheese']"""
116,"['1 lb. ground chuck', '1 tsp. shortening', '1 (16 oz.) can tomatoes', '1 (8 oz.) can tomato sauce', '2 tsp. salt', '2 tsp. sugar', '2 garlic cloves, crushed', '1 (5 oz.) pkg. egg noodles', '1 c. sour cream', '1 (3 oz.) pkg. cream cheese', '6 green onions or scallions, chopped (with tops)', '1 c. grated cheese']","""['ground beef', 'shortening', 'tomato', 'tomato sauce', 'salt', 'sugar', 'garlic', 'egg noodle', 'sour cream', 'cream cheese', 'onion', 'cheese']"""
117,"['1 (12.5 oz.) can chunk white chicken', '2 c. chopped celery', '1 small pkg. slivered almonds', '1 c. water chestnuts', '1 c. white grapes', '1/2 tsp. salt', '1/8 tsp. pepper', '1 tsp. lemon juice', 'curry powder to caste', 'nonfat mayonnaise']","""['chicken', 'celery', 'almond', 'water chestnut', 'grape', 'salt', 'black pepper', 'lemon juice', 'curry powder', 'mayonnaise']"""
118,"['1 stick margarine', '1 1/2 c. sugar', '1 Tbsp. meal', '1 Tbsp. vinegar', '4 eggs (add one at a time)', 'dash of salt', '1 tsp. vanilla']","""['margarine', 'sugar', 'meal', 'vinegar', 'egg', 'salt', 'vanilla']"""
119,"['1 lb. vermicelli', '1 lb. fine chopped bell pepper', '2 small zucchini, finely chopped', '1 large purple onion, sliced thin', '1 large bottle Bernstien Italian dressing', '1/2 to 3/4 jar Schilling Salad Supreme seasoning']","""['vermicelli', 'bell pepper', 'zucchini', 'onion', 'italian dressing', 'salad seasoning']"""
120,"['2 cucumbers, sliced very thin', '1/3 c. white vinegar', '1 tsp. salt', '3 Tbsp. sugar', '1 large onion, sliced thin', 'fresh dill']","""['cucumber', 'white vinegar', 'salt', 'sugar', 'onion', 'dill']"""
121,"['1 (13 oz.) can cooked chicken', '1 (10 oz.) can cream of mushroom soup', '1 (10 oz.) can cream of chicken soup', '1 (10 oz.) can Rotel tomatoes', '1 to 2 c. cheese of your choice', '1 (16 oz.) pkg. spaghetti', '1 Tbsp. steak seasoning']","""['chicken', 'mushroom soup', 'chicken soup', 'tomato', 'cheese', 'spaghetti', 'steak seasoning']"""
122,"['2 (8 oz.) cream cheese', '4 c. shredded sharp cheese', '1/3 c. mayonnaise', '1 tsp. Worcestershire sauce', '1/8 tsp. garlic salt', '1/8 tsp. celery salt', '1/8 tsp. onion salt', '1/2 c. chopped pimento', '1/4 c. chopped olives', '1/4 c. parsley flakes', '1/2 jar dried chipped beef']","""['cream cheese', 'cheese', 'mayonnaise', 'worcestershire sauce', 'garlic salt', 'celery salt', 'onion salt', 'pimento', 'olive', 'parsley', 'dried chipped beef']"""
123,"['pistachio pie filling (instant)', '1 can crushed pineapple', '1 c. miniature marshmallows', '1/2 container Cool Whip (small)']","""['pistachio pie filling', 'pineapple', 'marshmallow', 'cool whip']"""
124,"['1 egg', '1/2 c. milk', '1/4 c. vegetable oil', '1 1/2 c. flour', '1/2 c. sugar', '2 tsp. baking powder', '1/2 tsp. salt', '1 c. blueberries (optional)']","""['egg', 'milk', 'oil', 'flour', 'sugar', 'baking powder', 'salt', 'blueberry']"""
125,"['1 c. flour', '1 stick margarine, melted', '1/2 c. crushed pecans', '1 large pkg. cream cheese', '1 large pkg. Cool Whip', '1 c. powdered sugar', '2 large pkg. instant vanilla pudding', '3 c. milk']","""['flour', 'margarine', 'pecan', 'cream cheese', 'cool whip', 'powdered sugar', 'vanilla pudding', 'milk']"""
126,"['1 c. water', '1/2 c. butter', '1 tsp. sugar', '1 c. all-purpose flour', '4 large eggs']","""['water', 'butter', 'sugar', 'flour', 'egg']"""
127,"['1 can cream-style corn', '2 eggs', '1/2 tsp. grated onion', '8 to 10 finely rolled crackers', 'salt']","""['cream-style corn', 'egg', 'onion', 'cracker', 'salt']"""
128,"['2 lb. ground beef', '1 pkg. dry onion mix', '1 (No. 3) can B & M beans', '2 (15 oz.) cans kidney beans', '2 (15 oz.) cans small yellow lima beans', '2 cans green baby lima beans', '1/2 c. dark brown sugar', '1/2 c. dark or light Karo syrup', '1 tsp. chili powder', '1 c. ketchup', '1 Tbsp. dry mustard', 'salt and pepper to taste']","""['ground beef', 'onion mix', 'bean', 'kidney bean', 'lima bean', 'dark brown sugar', 'karo syrup', 'chili powder', 'ketchup', 'mustard', 'black pepper']"""
129,"['1 angel food cake, broken into pieces', '46 oz. apricot nectar', '1 1/4 c. sugar', '7 Tbsp. cornstarch', '1 c. chopped walnuts']","""['angel food cake', 'apricot nectar', 'sugar', 'cornstarch', 'walnut']"""
130,"['1 Duncan Hines white pudding cake mix', '1 (8 oz.) pkg. cream cheese (at room temperature)', '1/4 c. alfalfa honey', '3 to 4 oz. sliced almonds']","""['white pudding cake mix', 'cream cheese', 'honey', 'almond']"""
131,"['1/2 c. raw rice', '1 can French onion soup', '1 can cream of chicken or chicken mushroom soup', '1 (4 oz.) can mushrooms', 'bite size pieces of 4 to 6 chicken thighs or any other chicken parts you wish to use']","""['rice', 'french onion soup', 'cream of chicken soup', 'mushroom', 'chicken']"""
132,"['1 c. mayonnaise', '1 c. grated Parmesan or Romano cheese', '1 jar artichokes, drained and cut into small pieces']","""['mayonnaise', 'parmesan cheese', 'romano cheese', 'artichoke']"""
133,"['1/4 lb. butter', '2 1/2 lb. onions, sliced', '1 qt. beef stock (3 cans Campbells beef stock)', '1 qt. chicken stock (3 cans Campbells chicken stock)', '2 Tbsp. Worcestershire sauce', '1 bay leaf', '1 1/2 tsp. garlic salt', '1 tsp. black pepper (you may wish to use less)', 'salt to taste (you may not want any)']","""['butter', 'onion', 'beef stock', 'chicken stock', 'worcestershire sauce', 'bay leaf', 'garlic salt', 'black pepper', 'salt']"""
134,"['6 to 7 apples, sliced', '1 c. sugar', '2 Tbsp. flour', '1 tsp. cinnamon', 'dash of salt and nutmeg']","""['apple', 'sugar', 'flour', 'cinnamon', 'salt', 'nutmeg']"""
135,"['1 lb. hamburger', '1 c. ketchup', '3 Tbsp. Worcestershire sauce', '1 Tbsp. mustard', '2 Tbsp. sugar', 'salt and pepper to taste']","""['hamburger', 'ketchup', 'worcestershire sauce', 'mustard', 'sugar', 'black pepper']"""
136,"['3 c. flour', '3 c. sugar', '5 eggs', '3 sticks real butter (preferably Land O Lakes)', '3 Tbsp. lemon flavor', '3/4 c. 7-Up', 'yellow food coloring (optional)']","""['flour', 'sugar', 'egg', 'butter', 'lemon flavor', '7-up', 'food coloring']"""
137,"['1 can corned beef', '1 (8 oz.) pkg. cream cheese', '2/3 c. mayonnaise', '1 c. chopped candied dill pickles', '2 Tbsp. chopped onion', '1/2 tsp. horseradish', '1 Tbsp. Worcestershire sauce', '2 tsp. Nance mustard', '3 Tbsp. pickle juice']","""['corned beef', 'cream cheese', 'mayonnaise', 'candied dill pickle', 'onion', 'horseradish', 'worcestershire sauce', 'mustard', 'pickle juice']"""
138,"['2 c. sugar', '1/2 c. milk', '3 Tbsp. cocoa', '3 heaping Tbsp. flour', '3 egg yolks', '1 clump (2 Tbsp.) butter', '1 tsp. vanilla', '1 c. boiling water']","""['sugar', 'milk', 'cocoa', 'flour', 'egg yolk', 'butter', 'vanilla', 'water']"""
139,"['1 (32 oz.) bag Tater Tots', '2 lb. ground beef', '1 chopped onion', '1 chopped bell pepper', '1 can cream of mushroom soup', '1 can cream of celery soup', '1 can cream of chicken soup', 'grated cheese']","""['tater tot', 'ground beef', 'onion', 'bell pepper', 'cream of mushroom soup', 'cream of celery soup', 'cream of chicken soup', 'cheese']"""
140,"['3/4 c. sugar', '2 1/2 Tbsp. cornstarch', '1 c. water', '3 1/2 Tbsp. blackberry flavored gelatin', '4 c. fresh blackberries', '1 baked 9-inch pastry shell']","""['sugar', 'cornstarch', 'water', 'gelatin', 'blackberry', 'pastry shell']"""
141,"['16 oz. Cool Whip', '2 c. coconut', '3/4 margarine, melted', '1 c. slivered almonds, chopped fine', '1 can Eagle Brand milk', '3 graham cracker crusts', '8 oz. cream cheese', '1 jar caramel topping']","""['cool whip', 'coconut', 'margarine', 'almond', 'milk', 'graham cracker', 'cream cheese', 'caramel']"""
142,"['3/4 c. Miracle Whip salad dressing', '1 c. sour cream', '1/2 Tbsp. minced onion', '1/2 Tbsp. parsley flakes', '1/2 Tbsp. dill weed']","""['miracle whip salad dressing', 'sour cream', 'onion', 'parsley', 'dill']"""
143,"['1/2 chopped medium onion', '1 Tbsp. oil', '5 oz. frozen broccoli', '1/2 stick margarine', '1 pkg. Jiffy cornbread mix', '2 eggs', '6 oz. cottage cheese']","""['onion', 'oil', 'broccoli', 'margarine', 'cornbread mix', 'egg', 'cottage cheese']"""
144,"['1 medium onion, diced', '1 potato, diced', '1 1/2 green sweet peppers, diced', '1/2 c. diced celery', '1 c. diced carrots', '1 c. small macaroni, cooked', '1 1/2 lb. ground turkey or beef', '14 oz. can French green beans', '1 large bay leaf', '1 tsp. Italian seasoning', '1 c. sweet peas', '1 can tomato juice']","""['onion', 'potato', 'pepper', 'celery', 'carrot', 'macaroni', 'ground turkey', 'ground beef', 'green bean', 'bay leaf', 'italian seasoning', 'pea', 'tomato juice']"""
145,"['1/4 c. cocoa', '2 sticks oleo', '2 c. flour', '2 c. sugar', '1 tsp. baking soda', 'dash of salt', '2 eggs', '1 tsp. vanilla', '1 c. water', '1/2 c. buttermilk']","""['cocoa', 'oleo', 'flour', 'sugar', 'baking soda', 'salt', 'egg', 'vanilla', 'water', 'buttermilk']"""
146,"['1/2 c. butter', '1 1/2 c. graham cracker crumbs', '1 (14 oz.) can Eagle Brand milk', '6 oz. semi-sweet chocolate chips', '1 (3 1/2 oz.) can flaked coconut (1 1/2 c.)', '1 c. chopped nuts']","""['butter', 'graham cracker', 'milk', 'chocolate', 'coconut', 'nuts']"""
147,"['1 c. sugar', '1 c. packed brown sugar', '1/3 c. evaporated milk', '1/2 stick butter or margarine, softened', '1 1/2 c. pecans', '1 1/2 c. coconut']","""['sugar', 'brown sugar', 'evaporated milk', 'butter', 'pecan', 'coconut']"""
148,"['1 large box instant chocolate pudding mix', '1 small bag vanilla wafers', '1 small tub Cool Whip', '1 small pkg. chopped pecans (about 1/2 c.)']","""['chocolate pudding mix', 'vanilla wafer', 'cool whip', 'pecan']"""
149,"['1 1/3 c. white sugar', '6 Tbsp. butter', '6 Tbsp. milk', '1/2 c. chocolate chips', '1/2 tsp. vanilla']","""['sugar', 'butter', 'milk', 'chocolate', 'vanilla']"""
150,"['1 envelope Knox unflavored gelatine', '1 (14 oz.) Eagle Brand milk', '2 eggs, beaten', '1 (16 oz.) can pumpkin (not pumpkin mix)', '1 tsp. cinnamon', '1/2 tsp. ginger', '1/2 tsp. salt', '2 pie shells, baked']","""['gelatine', 'milk', 'egg', 'pumpkin', 'cinnamon', 'ginger', 'salt', 'pie shell']"""
151,"['5 large eggs, slightly beaten', '1/4 c. sugar', '1/4 tsp. ground nutmeg', '2/3 c. orange juice', '1/3 c. half and half cream', '1/2 tsp. vanilla']","""['egg', 'sugar', 'nutmeg', 'orange juice', 'half and half', 'vanilla']"""
152,"['9 c. Chex cereal', '1 c. chocolate chips', '1 1/2 c. powdered sugar', '1/2 c. peanut butter', '1/4 c. margarine', '1 tsp. vanilla']","""['chex cereal', 'chocolate chip', 'powdered sugar', 'peanut butter', 'margarine', 'vanilla']"""
153,"['1 (16 oz.) can yellow hominy', '1 (4 oz.) can chopped olives', '1 (4 oz.) can mild green chilies', '2 (16 oz.) cans tamales', '2 c. shredded mild Cheddar cheese', '1/4 c. dried chopped onions']","""['hominy', 'olive', 'green chili', 'tamale', 'cheddar cheese', 'onion']"""
154,"['1 small can refried beans', '1 small carton guacamole dip', '1 c. sour cream', '3 Tbsp. mayonnaise', '1 pkg. taco seasoning', '1 c. Mozzarella cheese', '1 c. cheddar cheese', 'Chopped green onions, tomato and black olives (optional)']","""['bean', 'guacamole', 'sour cream', 'mayonnaise', 'taco seasoning', 'mozzarella cheese', 'cheddar cheese', 'onion', 'tomato', 'olive']"""
155,"['4 c. water or potato water', '1 cake yeast or 3 pkg. dry yeast', '2 Tbsp. salt', '2 eggs, well beaten', '1 c. sugar or more']","""['water', 'potato water', 'yeast', 'salt', 'egg', 'sugar']"""
156,"['2 c. chicken, cooked and cubed', '1 can cream of mushroom soup', '3 c. chicken broth', '1 can peas and carrots, drained', '1 chopped onion', '3/4 c. oleo, melted', '1 1/2 c. milk', '1 1/2 tsp. baking powder', '1 1/2 c. self-rising flour']","""['chicken', 'mushroom soup', 'chicken broth', 'pea', 'onion', 'oleo', 'milk', 'baking powder', 'self-rising flour']"""
157,"['3 c. chicken stock or vegetable stock', '1 pkg. (10 oz.) frozen artichoke hearts', '2 t. olive or canola oil', '3 green onions, including tops, sliced (1/3 c.)', '1 clove garlic, minced', '1 c. arborio, basmati, or long-grain, white rice', '1/2 t. dried oregano, crumbled', '1/2 t. salt', '1/4 t. black pepper', '4 oz. spinach, rinsed, trimmed and thinly sliced (2 c.)', '3 T. grated parmesan cheese']","""['chicken stock', 'vegetable stock', 'artichoke hearts', 'olive oil', 'canola oil', 'green onion', 'garlic', 'rice', 'dried oregano', 'salt', 'black pepper', 'spinach', 'parmesan cheese']"""
158,"['1/2 c. oil (I use olive oil, extra light)', '1 large eggplant, unpeeled and chopped', '2 medium onions chopped', '1/2 head cauliflower, chopped', '1 green pepper, chopped', '1/2 c. fresh parsley (flat Italian), chopped', '1/4 lb. mushrooms, sliced', '8 cloves garlic, minced or mashed', '2 very large cans Italian tomatoes', '1 bay leaf', '1 tsp. dried basil', '1 tsp. oregano', '1 tsp. thyme', '1/2 tsp. marjoram', '1/2 tsp. rosemary', '1/2 tsp. salt, optional', '1 c. dry red or white wine']","""['oil', 'eggplant', 'onion', 'cauliflower', 'pepper', 'parsley', 'mushroom', 'garlic', 'tomato', 'bay leaf', 'basil', 'oregano', 'thyme', 'marjoram', 'rosemary', 'salt', 'wine']"""
159,"['1 box white cake mix', '1 c. + 1 Tbsp. vegetable oil', '1 pkg. pistachio instant pudding mix', '1 c. ginger ale', '3 eggs', '1/2 c. chopped pecans', '1 (8-oz.) pkg. cool whip', '3/4 c. milk', '1 pkg. of pistachio instant pudding mix']","""['white cake mix', 'vegetable oil', 'pistachio instant pudding mix', 'ginger ale', 'egg', 'pecan', 'cool whip', 'milk']"""
160,"['2 c. self-rising flour', '1 c. crushed walnuts', '3 eggs', '2 small jars baby food plums', '2 c. sugar', '2 tsp. allspice', '1 c. oil']","""['flour', 'walnut', 'egg', 'plum', 'sugar', 'allspice', 'oil']"""
161,"['1 qt. cranberry juice', '1 qt. ginger ale', '1 small cherry Jell-O', '1 c. boiling water', '6 oz. frozen lemonade', '3 c. cold water']","""['cranberry juice', 'ginger ale', 'cherry jell-o', 'water', 'lemonade']"""
162,"['4 sweet potatoes, boiled and drained', '2 sticks butter', '2 c. sugar', '4 to 6 eggs', 'nutmeg (season to taste)', '2 c. Milnot']","""['sweet potato', 'butter', 'sugar', 'egg', 'nutmeg', 'milnot']"""
163,"['2 c. sugar', '1 c. Crisco oil', '4 eggs', '2 1/2 c. self-rising flour', '1/2 c. sweet milk', '1 tsp. vanilla flavor', '1 Tbsp. butternut flavor']","""['sugar', 'olive oil', 'egg', 'flour', 'milk', 'vanilla', 'butternut']"""
164,"['2 c. all-purpose flour', '1 1/2 c. sugar', '2 tsp. baking soda', '1 tsp. ground cinnamon', '1/2 tsp. salt', '2 c. grated carrots', '1/2 c. raisins', '1/2 c. coconut', '1/2 c. chopped pecans', '1 (8 oz.) can crushed pineapple, drained', '1 c. vegetable oil', '3 large eggs, lightly beaten', '2 tsp. vanilla']","""['flour', 'sugar', 'baking soda', 'cinnamon', 'salt', 'carrot', 'raisin', 'coconut', 'pecan', 'pineapple', 'oil', 'egg', 'vanilla']"""
165,"['1 3/4 c. quick cooking long grain and wild rice or plain rice', '1 (10 3/4 oz.) can condensed cream of mushroom or chicken soup (undiluted)', '1 (10 3/4 oz.) can French onion soup (undiluted)', '2 1/2 oz. jar sliced mushrooms (undrained)', '1/2 c. water', '4 chicken breasts', '2 Tbsp. melted butter or margarine', '1/4 c. cornflake crumbs or cracker crumbs']","""['quick cooking long grain and wild rice', 'chicken stock', 'mushroom', 'water', 'chicken breast', 'butter', 'cornflake crumb']"""
166,"['1 green pepper, chopped', '1 onion, chopped', '2 Tbsp. bacon drippings', '1 Tbsp. flour', '1 tsp. salt', '1 tsp. sugar', 'dash of paprika', '1 (16 oz.) can tomatoes', '1 (16 oz.) can green peas']","""['pepper', 'onion', 'bacon', 'flour', 'salt', 'sugar', 'paprika', 'tomato', 'pea']"""
167,"['2 eggs', '3 bananas, cut in small pieces', '1 stick butter, cut in small pieces', '1 c. sugar', '1 3/4 c. flour', '3/4 tsp. soda', '1 1/4 tsp. cream of tartar', '1 c. chopped nuts (optional)']","""['egg', 'banana', 'butter', 'sugar', 'flour', 'soda', 'cream of tartar', 'nut']"""
168,"['Bisquick', 'can corned beef hash', 'mustard', 'salt and pepper to taste']","""['corned beef', 'mustard', 'salt', 'black pepper']"""
169,"['1 (2 lb.) bag hash browns, thawed', '1/2 c. melted margarine', '1/2 tsp. salt', '1/2 tsp. pepper', '1/2 c. chopped onion', '1 can cream of mushroom soup', '1 pt. sour cream', '10 oz. or 2 c. grated sharp Cheddar cheese']","""['hash brown', 'margarine', 'salt', 'black pepper', 'onion', 'cream of mushroom soup', 'sour cream', 'cheddar cheese']"""
170,"['3 c. flour', '4 1/2 tsp. baking powder', '2 Tbsp. sugar', '1/2 tsp. salt', '3/4 c. cream of tartar', '3/4 c. butter', '1 egg, beaten', '1 c. milk']","""['flour', 'baking powder', 'sugar', 'salt', 'cream of tartar', 'butter', 'egg', 'milk']"""
171,"['1 lb. lean hamburger', '1 jar Ragu spaghetti sauce (plain)', '1 small container Ricotta cheese', '1 pkg. lasagne noodles (approximately 8 noodles)', '1 large bag preshredded Mozzarella cheese']","""['hamburger', 'spaghetti sauce', 'ricotta cheese', 'lasagne noodles', 'mozzarella cheese']"""
172,"['4 lb. new potatoes (red skin)', '2 good size onions, finely chopped', '3 stalks celery, finely chopped', '1/2 c. cider vinegar', '1/2 c. hot bacon drippings', '8 strips bacon, fried and crumbled', 'salt and pepper to taste', 'parsley']","""['potato', 'onion', 'celery', 'cider vinegar', 'bacon', 'salt', 'pepper', 'parsley']"""
173,"['4 eggs', '2 c. milk', '1 tsp. vanilla', '1/4 c. melted butter', '1 3/4 c. sugar', '1/2 c. self-rising flour', '1 1/2 c. coconut']","""['egg', 'milk', 'vanilla', 'butter', 'sugar', 'flour', 'coconut']"""
174,"['ground beef', 'flour', 'salt and pepper to taste']","""['ground beef', 'flour', 'black pepper']"""
175,"['1 c. sifted all-purpose flour', '2 tsp. baking powder', '1/2 tsp. salt', '2 Tbsp. sugar', '1 egg', '1 c. milk', '3 Tbsp. butter or margarine, melted']","""['flour', 'baking powder', 'salt', 'sugar', 'egg', 'milk', 'butter']"""
176,"['1 egg white', '2/3 c. light brown sugar', '1 tsp. vanilla', '4 c. whole pecans']","""['egg white', 'brown sugar', 'vanilla', 'pecan']"""
177,"['1 lb. ground beef', '14 oz. Pizza Quick sauce', '2 c. shredded Mozzarella cheese', '1 jar sliced mushrooms', '3/4 c. biscuit mix', '1 1/2 c. milk', '2 eggs']","""['ground beef', 'pizza quick sauce', 'mozzarella cheese', 'mushroom', 'biscuit mix', 'milk', 'egg']"""
178,"['1 (12 oz.) pkg. (2 c.) semi-sweet chocolate chips', '1 (14 oz.) can sweetened condensed milk', '1 (8 1/2 oz.) pkg. chocolate wafers, finely crushed', '1 c. chopped nuts, divided']","""['chocolate', 'sweetened condensed milk', 'chocolate wafer', 'nut']"""
179,"['1 pkg. frozen chopped broccoli', '1/2 c. mushroom soup', '1/2 c. mayonnaise', '1 beaten egg', '1 small onion, chopped', 'salt and pepper']","""['broccoli', 'mushroom soup', 'mayonnaise', 'egg', 'onion', 'black pepper']"""
180,"['1 1/4 c. all-purpose flour', '1 1/2 tsp. baking powder', '1/2 tsp. almond extract', '1 c. chopped nuts', '1/2 c. chopped maraschino cherries, drained', '1 c. sugar', '1 tsp. salt', '3 eggs', '1 c. cut up dates or whole raisins', '1 (6 oz.) pkg. semi-sweet chocolate chips']","""['flour', 'baking powder', 'almond extract', 'nuts', 'cherries', 'sugar', 'salt', 'egg', 'date', 'raisin', 'chocolate']"""
181,"['1 lb. hamburger', '2 Tbsp. oil', '1 onion, chopped', '1 celery rib, chopped', '1 c. cooked rice', '1 can cream of mushroom soup', '1 can cream of chicken soup', '1 1/2 c. warm water', '1/4 c. soy sauce', '1/4 tsp. pepper', '1 can chow mein noodles']","""['hamburger', 'oil', 'onion', 'celery', 'rice', 'mushroom soup', 'chicken soup', 'water', 'soy sauce', 'black pepper', 'chow mein noodles']"""
182,"['1 lb. butter (not margarine)', '2 c. granulated sugar', '1/2 c. water', '1/2 c. chopped almonds', '3 chocolate candy bars', '1/4 c. chopped almonds or as desired (for topping)']","""['butter', 'sugar', 'water', 'almond', 'chocolate candy']"""
183,"['4 large peppers', '1 large can V-8', '1 onion, chopped', '1/2 tsp. garlic powder', '1 lb. ground beef', '1/2 c. rice', '1 egg', 'salt to taste']","""['pepper', 'tomato juice', 'onion', 'garlic powder', 'ground beef', 'rice', 'egg', 'salt']"""
184,"['5 eggs', '1 box yellow cake mix', '3/4 c. water', '1 small pkg. instant lemon pudding', '1/2 c. oil']","""['egg', 'cake mix', 'water', 'lemon pudding', 'oil']"""
185,"['1/2 c. butter or margarine', '1/2 c. peanut butter', '1/2 c. brown sugar', '1/2 c. white sugar', '1 egg', '1/2 tsp. vanilla', '1 1/4 c. sifted flour', '3/4 tsp. baking soda', '1/2 tsp. salt', '1 (10 oz.) bag miniature Reeses peanut butter cups']","""['butter', 'peanut butter', 'brown sugar', 'white sugar', 'egg', 'vanilla', 'flour', 'baking soda', 'salt', 'peanut butter cup']"""
186,"['4 eggs', '2 c. milk', '1/2 tsp. mustard', '1/2 tsp. salt', '1/8 tsp. onion powder', 'dash of pepper', '2 c. croutons (cheese)', '1 c. grated Velveeta']","""['egg', 'milk', 'mustard', 'salt', 'onion powder', 'black pepper', 'crouton', 'veggie cheese']"""
187,"['1/2 c. margarine or butter', '1 egg', '1 tsp. cinnamon', '1/2 tsp. ground cloves', '1/4 tsp. salt', '1/2 c. chopped pecans', '1 c. brown sugar', '1 3/4 c. flour', '1 tsp. baking soda', '1/2 tsp. ground nutmeg', '1 c. raisins', '1 1/4 c. applesauce']","""['margarine', 'egg', 'cinnamon', 'cloves', 'salt', 'pecan', 'brown sugar', 'flour', 'baking soda', 'nutmeg', 'raisin', 'applesauce']"""
188,"['3 c. flour', '3 eggs', '1/2 c. water']","""['flour', 'egg', 'water']"""
189,"['1/2 c. margarine', '1 tall can evaporated milk', '4 c. sugar', '32 marshmallows', '4 sq. baking chocolate', '9 oz. bar milk chocolate', '12 oz. pkg. semi-sweet chocolate', '1 Tbsp. vanilla', '2 c. chopped nuts']","""['margarine', 'evaporated milk', 'sugar', 'marshmallow', 'baking chocolate', 'milk chocolate', 'chocolate', 'vanilla', 'nut']"""
190,"['3 eggs', '1 1/2 c. flour', '1/4 tsp. salt', '1 c. sugar', '1/2 tsp. baking powder', '1 (6 oz.) pkg. chocolate chips', '2 c. chopped nuts', '1 c. candied cherries, halved']","""['egg', 'flour', 'salt', 'sugar', 'baking powder', 'chocolate chip', 'nut', 'candied cherry']"""
191,"['1/2 c. (1 stick) softened butter or margarine', '2 Tbsp. confectioners sugar', '1 tsp. grated orange peel']","""['butter', 'confectioners sugar', 'orange peel']"""
192,"['1/2 c. all-purpose flour', '1/4 c. cocoa', '1 c. sugar', '2 eggs', '1/2 c. margarine at room temperature', '1/8 tsp. salt', '1 tsp. vanilla', '1/2 c. chopped nuts', 'ice cream or whipped cream']","""['flour', 'cocoa', 'sugar', 'egg', 'margarine', 'salt', 'vanilla', 'nut', 'ice cream', 'whipped cream']"""
193,"['1 c. water', '1 stick margarine', '1 c. flour', '4 eggs', '3 pkg. vanilla instant pudding', '4 c. milk', '1 (8 oz.) pkg. cream cheese', '12 oz. Cool Whip', 'chocolate syrup']","""['water', 'margarine', 'flour', 'egg', 'vanilla instant pudding', 'milk', 'cream cheese', 'cool whip', 'chocolate syrup']"""
194,"['1 c. nonfat plain yogurt', '1/2 c. heavy cream', '1 c. mandarin juice']","""['yogurt', 'cream', 'mandarin juice']"""
195,"['1 c. cocoa', '1 c. butter, softened', '3 (1 lb.) boxes powdered sugar', '1 1/2 c. milk', '2 Tbsp. vanilla', '5 c. peanut butter']","""['cocoa', 'butter', 'powdered sugar', 'milk', 'vanilla', 'peanut butter']"""
196,"['4 tsp. olive oil', '1/2 tsp. garlic powder', '1 loaf French bread, halved lengthwise', '1 tsp. dried thyme', '1/4 tsp. dried marjoram', '1/2 tsp. paprika', '3 Tbsp. grated Parmesan cheese']","""['olive oil', 'garlic powder', 'bread', 'thyme', 'marjoram', 'paprika', 'parmesan cheese']"""
197,"['1 (20 oz.) can pineapple chunks, drained (reserve juice)', '1 (11 oz.) can mandarin oranges', '2 c. grapes', '2 c. miniature marshmallows', '1 c. sliced strawberries', '3 c. chopped apples, peeled if desired', '2 tsp. lemon juice', '2 tsp. orange juice', '1 Tbsp. cornstarch', '1/4 c. sugar', '2 bananas, sliced', '1/2 c. nuts (pecans)']","""['pineapple', 'mandarin orange', 'grape', 'marshmallow', 'strawberry', 'apple', 'lemon juice', 'orange juice', 'cornstarch', 'sugar', 'banana', 'nut']"""
198,"['1 qt. strawberries', '3/4 c. water', 'pinch of salt', '1 c. sugar', '3 Tbsp. cornstarch', 'dash of cinnamon', '1 Tbsp. butter']","""['strawberry', 'water', 'salt', 'sugar', 'cornstarch', 'cinnamon', 'butter']"""
199,"['2 c. sugar', '5 eggs', '2 c. milk', '2 Tbsp. cornstarch', '2 1/2 tsp. vanilla', 'ground cinnamon', '1 pie shell']","""['sugar', 'egg', 'milk', 'cornstarch', 'cinnamon', 'pie shell']"""
200,"['4 to 5 c. chicken broth', '3 boiled eggs, chopped', '1 c. chopped chicken', 'salt and pepper to taste', '3 Tbsp. flour (self-rising)', '2 Tbsp. water']","""['chicken broth', 'egg', 'chicken', 'flour', 'water']"""
201,"['4 lb. beef brisket', '1 c. catsup', '1 c. water', '1/2 onion, minced', '2 Tbsp. cider vinegar', '1 Tbsp. prepared horseradish', '1 Tbsp. prepared mustard', '1 tsp. salt', '1/2 tsp. pepper']","""['beef brisket', 'catsup', 'water', 'onion', 'cider vinegar', 'horseradish', 'mustard', 'salt', 'pepper']"""
202,"['3 Tbsp. tapioca', '1 c. water', '1/2 c. sugar', '1 1/2 c. water', '1 (6 oz.) can frozen orange juice, thawed', '1 (11 oz.) can Mandarin oranges, drained', '1 (16 oz.) can peach slices, cut in half and drained', '1 (16 oz.) bag frozen whole strawberries, thawed', '2 large bananas', 'lime sherbet']","""['tapioca', 'water', 'sugar', 'orange juice', 'mandarin orange', 'peach', 'strawberry', 'banana', 'lime sherbet']"""
203,"['1 c. corn meal', '1 c. flour', '1 to 2 Tbsp. sugar', '1/2 tsp. salt', '2 tsp. baking soda', '1 egg', '1 c. buttermilk', '1/4 c. bacon fat']","""['corn meal', 'flour', 'sugar', 'salt', 'baking soda', 'egg', 'buttermilk', 'bacon fat']"""
204,"['1 (4 to 5 lb.) rolled pork roast', '1/2 c. sherry', '1 Tbsp. dry mustard', '1 tsp. thyme', '1/2 c. soy sauce', '2 minced garlic cloves', '1 tsp. ginger']","""['pork roast', 'sherry', 'mustard', 'thyme', 'soy sauce', 'garlic', 'ginger']"""
205,"['2 lb. pork tenderloin, cubed', '1 Tbsp. oil', '1 Tbsp. minced garlic', '6 to 10 roasted and peeled Pueblo green chilies', '1 can stewed tomatoes', '4 c. water', '3 tsp. cornstarch', 'garlic salt to taste']","""['pork tenderloin', 'oil', 'garlic', 'green chili', 'tomato', 'water', 'cornstarch', 'garlic salt']"""
206,"['3/4 c. Crisco, melted', '1 egg', '1 pkg. dry yeast', '4 c. self-rising flour', '2 c. lukewarm water', '1/4 c. sugar']","""['crisco', 'egg', 'yeast', 'flour', 'water', 'sugar']"""
207,"['3 1/2 c. flour', '3 tsp. baking soda', '1 c. packed brown sugar', '1 Tbsp. milk', '2 Tbsp. vanilla', '1 c. cornflakes', '1 (12 oz.) pkg. chocolate pieces (semi-sweet)', '1 tsp. salt', '1/2 c. butter', '1 c. granulated sugar', '1 egg', '1 c. vegetable oil', '1 c. quick oats']","""['flour', 'baking soda', 'brown sugar', 'milk', 'vanilla', 'cornflake', 'chocolate', 'salt', 'butter', 'granulated sugar', 'egg', 'vegetable oil', 'oat']"""
208,"['2 Tbsp. lemon juice or wine vinegar', '1 Tbsp. honey', '1 clove garlic, diced', '1 Tbsp. rosemary', '2 Tbsp. water', '1 small diced onion', '1 Tbsp. flax seed', '1 tsp. parsley']","""['lemon juice', 'honey', 'garlic', 'rosemary', 'water', 'onion', 'flax seed', 'parsley']"""
209,"['No. 2 can fruit cocktail', '4 bananas, cut up', '1 small bag miniature marshmallows', '1 (8 oz.) pkg. pecan pieces', '1 pt. Cool Whip', '1 small can crushed pineapple']","""['fruit cocktail', 'banana', 'marshmallow', 'pecan', 'cool whip', 'crushed pineapple']"""
210,"['2 1/2 c. milk', '1/4 c. heavy cream', '2 egg yolks', '2/3 c. sugar', '4 Tbsp. cornstarch', '2 tsp. vanilla', '3 Tbsp. butter (room temperature)', '1 or 2 sliced bananas']","""['milk', 'cream', 'egg yolk', 'sugar', 'cornstarch', 'vanilla', 'butter', 'banana']"""
211,"['1/2 c. olive oil', '2 tsp. lemon juice', '1 tsp. salt', 'dash of pepper', '1/2 tsp. sugar', '1/4 c. crumbled Blue cheese', '2 c. sliced red or yellow onions']","""['olive oil', 'lemon juice', 'salt', 'black pepper', 'sugar', 'blue cheese', 'onion']"""
212,"['1 1/2 c. graham cracker crumbs', '1/2 c. butter', '1/4 tsp. cinnamon', '1/4 c. sugar', '1 (16 oz.) pkg. cream cheese', '1/3 c. milk', '1/2 c. sugar', '3 eggs', '4 Tbsp. lemon juice']","""['graham cracker', 'butter', 'cinnamon', 'sugar', 'cream cheese', 'milk', 'egg', 'lemon juice']"""
213,"['1 c. sugar', '2/3 c. oil', '2 eggs', '1 1/2 c. flour', '1 tsp. baking soda', '1 tsp. baking powder', '1 tsp. cinnamon', '1 jar junior strained carrots (baby food)', '1/2 c. nuts']","""['sugar', 'oil', 'egg', 'flour', 'baking soda', 'baking powder', 'cinnamon', 'carrot', 'nut']"""
214,"['1 (6 oz.) can frozen lemonade concentrate, thawed', '1 (6 oz.) can frozen orange juice concentrate, thawed', '6 c. water', '1/2 ??? grenadine syrup', '1 qt. ginger ale, chilled', 'wafer thin lemon slices and maraschino cherries for garnish']","""['lemonade concentrate', 'orange juice concentrate', 'water', 'grenadine syrup', 'ginger ale', 'lemon', 'maraschino cherry']"""
215,"['1 can Veg-All, drained', '1/2 c. chopped onion', '1/2 c. water chestnuts, sliced', '1/2 c. grated cheese (Cheddar)', '1/3 c. plus 2 level Tbsp. mayonnaise', '1/2 roll Ritz crackers, crushed', '1/2 stick margarine']","""['veg-all', 'onion', 'water chestnut', 'cheddar cheese', 'mayonnaise', 'ritz cracker', 'margarine']"""
216,"['1 lb. ground beef', '1 (8 oz.) pkg. crescent rolls', '1/8 c. chopped onion', '1 tsp. Worcestershire sauce', '1 tsp. lemon juice', '1/2 tsp. paprika', '1/4 tsp. garlic powder', '1/2 tsp. salt', '1/8 tsp. pepper', '2 c. shredded cheese', '1 beaten egg']","""['ground beef', 'crescent roll', 'onion', 'worcestershire sauce', 'lemon juice', 'paprika', 'garlic powder', 'salt', 'black pepper', 'cheese', 'egg']"""
217,"['2 c. sugar', '2 c. flour', '2 c. pumpkin', '1/2 tsp. salt', '2 tsp. cinnamon', '1 tsp. nutmeg', '2 tsp. soda', '1 c. oil', '4 eggs', '2 tsp. baking powder', '1 c. chopped walnuts']","""['sugar', 'flour', 'pumpkin', 'salt', 'cinnamon', 'nutmeg', 'soda', 'oil', 'egg', 'baking powder', 'walnut']"""
218,"['1 1/2 lb. sharp Cheddar cheese', '2 sticks butter, softened', '2 c. plus 2 Tbsp. flour', '1 1/2 tsp. salt', '1 1/2 tsp. paprika', 'confectioners sugar']","""['cheddar cheese', 'butter', 'flour', 'salt', 'paprika', 'confectioners sugar']"""
219,"['1 jar (any size) salsa', '1 lb. American cheese (shredded)', '1 can refried beans']","""['salsa', 'cheese', 'bean']"""
220,"['1 c. flour', '1 stick butter or oleo', '1/2 c. chopped pecans (optional)', '1 Tbsp. sugar', '1 small container frozen whipped topping', '1 (8 oz.) pkg. cream cheese', '1 c. powdered sugar', '2 pkg. instant pudding', '3 c. milk']","""['flour', 'butter', 'pecan', 'sugar', 'whipped topping', 'cream cheese', 'powdered sugar', 'pudding', 'milk']"""
221,"['Fritos or Doritos', '1 lb. ground beef', '1 onion', '1 can rotel', '1 can mushroom soup', '1 can cream of chicken soup', '1 (12 oz.) can pet milk (can use fat free)', 'Grated cheese']","""['frito', 'beef', 'onion', 'rotel', 'mushroom soup', 'cream of chicken soup', 'milk', 'cheese']"""
222,"['2 c. flour', '1 tsp. baking soda', '1/2 tsp. salt', '1/2 c. butter or margarine', '1 c. sugar', '2 eggs', '1 tsp. vanilla', '1 c. sour cream', '1/2 c. sugar', '1 tsp. cinnamon', '1/2 c. chopped nuts', '1 1/4 c. apples, peeled and thinly sliced']","""['flour', 'baking soda', 'salt', 'butter', 'sugar', 'egg', 'vanilla', 'sour cream', 'nuts', 'apple']"""
223,"['1 1/2 c. sugar', '1/2 c. margarine', '1/2 c. vegetable shortening', '2 eggs', '2 tsp. cinnamon', '2 3/4 c. flour', '2 tsp. cream of tartar', '1 tsp. baking soda', '1/4 tsp. salt', '2 tsp. sugar']","""['sugar', 'margarine', 'vegetable shortening', 'egg', 'cinnamon', 'flour', 'cream of tartar', 'baking soda', 'salt']"""
224,"['1 lb. spaghetti', '3 cucumbers, diced', '4 tomatoes, diced', '2 stalks celery, diced', '1 green pepper, diced', '2 onions, diced', '1 small bottle Wish-Bone Italian salad dressing', '1/2 bottle Salad Supreme']","""['spaghetti', 'cucumber', 'tomato', 'celery', 'pepper', 'onion', 'italian salad dressing', 'salad dressing']"""
225,"['1 lb. ground meat', '2 slices cubed bread', '1 onion, grated', '1/2 c. rice (uncooked)', '1 tsp. chili powder', '1/2 tsp. allspice', '2 eggs', '1 tsp. salt', '1 green pepper (optional)', '2 cans tomato soup', '2 1/2 soup cans water', '1 tsp. chili powder']","""['ground meat', 'bread', 'onion', 'rice', 'chili powder', 'allspice', 'egg', 'salt', 'pepper', 'tomato soup', 'water']"""
226,"['1 box Jiffy corn muffin mix', '1 1/2 sticks margarine, melted', '2 whole eggs', '2 egg whites', '1 c. sour cream', '1 (10 oz.) pkg. frozen chopped broccoli, thawed but not drained', '1 medium onion, chopped']","""['corn muffin mix', 'margarine', 'egg', 'egg white', 'sour cream', 'broccoli', 'onion']"""
227,"['2 large sweet onions', '1 egg', '2/3 c. water', '1 Tbsp. vegetable oil', '1 tsp. lemon juice', '1 c. all-purpose flour', '1 1/2 tsp. baking powder', '1 to 1 1/4 tsp. salt', '1/8 to 1/4 cayenne pepper', 'oil (for deep-fat frying)']","""['onion', 'egg', 'water', 'vegetable oil', 'lemon juice', 'flour', 'baking powder', 'salt', 'cayenne pepper', 'oil']"""
228,"['1 c. White Lily Self Rising Flour', '1/3 c. mayonnaise', '1/2 c. sweet milk', 'pinch salt']","""['white lily self rising flour', 'mayonnaise', 'milk', 'salt']"""
229,"['1/2 c. evaporated milk', '1 egg', '1 c. cracker crumbs', '1 1/2 lb. ground chuck', '4 Tbsp. finely chopped onion', '1 1/2 tsp. salt or to taste', '1 tsp. dry mustard', '1 Tbsp. ketchup', '1 c. grated American cheese']","""['evaporated milk', 'egg', 'cracker crumbs', 'ground chuck', 'onion', 'salt', 'dry mustard', 'ketchup', 'cheese']"""
230,"['1 pkg. (8 oz.) semi-sweet chocolate', '2/3 c. sweetened condensed milk', '1 tsp. vanilla', '1/8 tsp. salt', '1 c. chopped nuts']","""['chocolate', 'milk', 'vanilla', 'salt', 'nut']"""
231,"['2 Tbsp. margarine', '1 lb. ground beef', '1 pkg. onion soup mix', '1/2 c. water', '1 c. catsup', '2 Tbsp. prepared mustard', '2 tsp. vinegar', '2 (1 lb.) cans pork and beans in tomato sauce', '1 (1 lb.) can kidney beans, drained']","""['margarine', 'ground beef', 'onion soup mix', 'water', 'catsup', 'mustard', 'vinegar', 'pork and beans', 'kidney beans']"""
232,"['1 c. brown sugar', '1 c. flour', '1/3 c. shortening', 'pinch of salt', '1 egg, beaten', '1 tsp. baking soda', '1/2 tsp. baking powder', '1/2 c. sour milk (add 1 Tbsp. vinegar or lemon juice to sour 1 c. milk)']","""['brown sugar', 'flour', 'shortening', 'salt', 'egg', 'baking soda', 'baking powder', 'sour milk']"""
233,"['2 c. biscuit mix', '1 1/2 Tbsp. sugar', '6 oz. warm beer']","""['biscuit mix', 'sugar', 'beer']"""
234,"['1 c. chopped onion', '1 c. chopped green pepper', '1 Tbsp. butter', '1 (28 oz.) can tomatoes with liquid, cut up', '1 (4 oz.) can mushroom stems and pieces, drained', '1 (2 1/4 oz.) can sliced ripe olives, drained', '2 tsp. dried oregano', '1 lb. ground beef, browned and drained (optional)', '12 oz. spaghetti, cooked and drained', '2 c. (8 oz.) shredded Cheddar cheese', '1 (10 3/4 oz.) can condensed cream of mushroom soup (undiluted)', '1/4 c. water', '1/4 c. grated Parmesan cheese']","""['onion', 'green pepper', 'butter', 'tomato', 'mushroom', 'olive', 'oregano', 'ground beef', 'spaghetti', 'cheddar cheese', 'cream of mushroom soup', 'water', 'parmesan cheese']"""
235,"['1 can biscuits (10 count)', '5 cooking apples', '1/2 c. granulated sugar', '1/2 c. brown sugar', '1 1/2 c. water', '1 tsp. apple pie spice', '1 tsp. vanilla', '1 stick butter or margarine']","""['biscuit', 'apple', 'sugar', 'water', 'apple pie spice', 'vanilla', 'butter']"""
236,"['14 Twinkies', '1 large box strawberry jello', '2 c. hot water', '1 10 oz. frozen strawberries or 2 c. fresh', '1 large box vanilla instant pudding', '1 large container Cool Whip']","""['twinkie', 'strawberry jello', 'water', 'strawberry', 'vanilla pudding', 'cool whip']"""
237,"['1 box yellow or chocolate cake mix', '3 eggs', '1 stick butter', '1 (8 oz.) cream cheese', '1 box powdered sugar', '1 tsp. vanilla']","""['cake mix', 'egg', 'butter', 'cream cheese', 'powdered sugar', 'vanilla']"""
238,"['1 (1 lb.) can cream-style corn', '1 Tbsp. butter', '1 Tbsp. flour', '4 eggs, well beaten', '3 Tbsp. sugar', '1 c. scalded milk', '1 tsp. salt', '1/8 tsp. pepper']","""['cream-style corn', 'butter', 'flour', 'egg', 'sugar', 'milk', 'salt', 'black pepper']"""
239,"['3 eggs', '??? c. honey', '1/2 c. sugar', '1 c. strong black coffee', '2 tsp. baking powder', '3 Tbsp. soft margarine', '1 tsp. baking soda', '4 c. flour', '1 tsp. cinnamon']","""['egg', 'honey', 'sugar', 'coffee', 'baking powder', 'margarine', 'baking soda', 'flour', 'cinnamon']"""
240,"['1 (12 oz.) can tomato paste', '1 qt. water', '2 cloves garlic, minced', '5 tsp. chili powder', '1 lb. lean ground beef', '1/2 c. chopped green onions', '2 c. shredded Monterey Jack cheese', '1 doz. corn tortillas']","""['tomato paste', 'water', 'garlic', 'chili powder', 'ground beef', 'green onion', 'monterey jack cheese', 'corn tortilla']"""
241,"['zucchini', '12 oz. tomato juice', 'dash of oregano', 'dash of parsley flakes', 'dash of garlic powder', '2 Tbsp. bell pepper', '2 Tbsp. dehydrated onions', 'salt', '1 chicken bouillon cube']","""['zucchini', 'tomato juice', 'oregano', 'parsley', 'garlic powder', 'bell pepper', 'onion', 'salt', 'chicken bouillon']"""
242,"['1 c. sugar', '6 Tbsp. flour', '2 c. grated Cheddar cheese', '1 1/2 c. crushed Ritz crackers', '2 (15 1/2 oz.) cans pineapple chunks, drained', '1 stick margarine, melted']","""['sugar', 'flour', 'cheddar cheese', 'crushed ritz cracker', 'pineapple chunk', 'margarine']"""
243,"['1 (2 lb.) chicken', '3 c. water', '1 1/2 tsp. salt', '3 potatoes', '1 onion', '1 (10 oz.) box frozen limas', '1 c. frozen or 1 can corn', '1 can tomatoes', 'salt and pepper to taste', '1/4 c. butter']","""['chicken', 'water', 'salt', 'potato', 'onion', 'lima', 'corn', 'tomato', 'black pepper', 'butter']"""
244,"['2 (8 oz.) pkg. cream cheese', '2 Tbsp. mayonnaise', '1 tsp. lemon juice', '5 to 6 green onions', '1 (6 oz.) pkg. smoked deli beef', '1 small can chopped black olives', '1 small green bell pepper', 'chopped nuts', 'Ritz crackers']","""['cream cheese', 'mayonnaise', 'lemon juice', 'onion', 'smoked deli beef', 'black olive', 'bell pepper', 'nut', 'cracker']"""
245,"['2 lb. carrots, cut in diagonal slices', '1 large onion, sliced in rings', '1 (10 oz.) can tomato soup, undiluted', '1/2 tsp. salt', '1/2 tsp. pepper', '1 c. sugar', '1/2 c. salad oil', '3/4 c. vinegar']","""['carrot', 'onion', 'tomato soup', 'salt', 'black pepper', 'sugar', 'oil', 'vinegar']"""
246,"['4 eggs, separated', '2 c. sugar', '1 c. shortening', '1 tsp. salt', '2 tsp. baking powder', '2 tsp. vanilla', '3 c. flour', '2/3 c. milk', '3 c. floured blueberries']","""['egg', 'sugar', 'shortening', 'salt', 'baking powder', 'vanilla', 'flour', 'milk', 'blueberry']"""
247,"['6 c. sliced yellow squash', '1 c. finely chopped onion', '1 can cream of chicken soup', '8 oz. sour cream', '8 oz. pkg. stuffing mix', '1 stick butter']","""['squash', 'onion', 'chicken soup', 'sour cream', 'stuffing mix', 'butter']"""
248,"['1 box German chocolate cake mix', '1 can Eagle Brand condensed milk', '1 jar Smuckers caramel sauce', '1 container Cool Whip', '6 Skor candy bars']","""['german chocolate cake mix', 'condensed milk', 'caramel sauce', 'cool whip', 'skor candy']"""
249,"['4 c. sifted flour', '1 1/2 c. shortening', '1 egg', '1/2 c. ice cold water', '1 Tbsp. vinegar', '1 tsp. sugar', '1/2 tsp. salt']","""['flour', 'shortening', 'egg', 'water', 'vinegar', 'sugar', 'salt']"""
250,"['1/4 lb. butter', '1/2 c. cocoa', '2 c. sugar', '4 eggs', '2 tsp. vanilla', '1 1/2 c. flour', '1/4 tsp. salt', '1 c. flaked coconut']","""['butter', 'cocoa', 'sugar', 'egg', 'vanilla', 'flour', 'salt', 'coconut']"""
251,"['20 to 24 white large mushrooms, cut off stems and hollow out carefully, reserving stems', '1 lb. sweet sausage', '3/4 c. Mozzarella cheese', '1/2 c. seasoned bread crumbs']","""['mushroom', 'sausage', 'mozzarella', 'bread crumb']"""
252,"['unsalted soda crackers', '3/4 c. packed brown sugar', '2 sticks butter', '12 oz. bag chocolate chips']","""['soda cracker', 'brown sugar', 'butter', 'chocolate']"""
253,"['2 medium carrots', '2 celery stalks', '1 medium or 2 small onions', '1 medium bunch broccoli', '1/2 lb. mushrooms', '1/4 c. salad or olive oil', '1/4 c. water', '1 1/4 tsp. salt', '1/2 tsp. pepper', '1 level tsp. sugar']","""['carrot', 'celery', 'onion', 'broccoli', 'mushroom', 'salad oil', 'water', 'salt', 'black pepper', 'sugar']"""
254,"['4 oz. fully cooked Canadian bacon or ham, cut into small cubes', '1/2 c. finely chopped Muenster, Cheddar or Monterey Jack cheese', '4 eggs', '1 1/2 c. skim milk', '1/2 tsp. pepper']","""['canadian bacon', 'cheese', 'egg', 'milk', 'black pepper']"""
255,"['1 1/4 c. Tang', '1/2 c. sugar', '1/3 c. instant tea', '1/2 tsp. cinnamon', '1/4 tsp. cloves', 'dash of salt']","""['tang', 'sugar', 'instant tea', 'cinnamon', 'cloves', 'salt']"""
256,"['1 tube cookie dough', '1 pkg. cream cheese', '1/3 c. Marshmallow Fluff', 'sliced blueberries, peaches, kiwi and strawberries']","""['cookie dough', 'cream cheese', 'marshmallow fluff', 'blueberry', 'peach', 'kiwi', 'strawberry']"""
257,"['6 thin slices Prosciutto ham', '3 oz. soft cream cheese', '1 small finely chopped onion']","""['prosciutto', 'cream cheese', 'onion']"""
258,"['1/4 c. butter', '1 1/2 c. sugar', '1 large can pineapple, drained', '3 slices bread, cubed', '3 eggs, beaten', '1/4 c. milk', 'cinnamon', '1 Tbsp. sugar', 'roasted pecans']","""['butter', 'sugar', 'pineapple', 'bread', 'egg', 'milk', 'cinnamon', 'pecan']"""
259,"['1/2 tsp. unflavored gelatin', '4 tsp. cold water', '1 c. heavy cream', 'pinch of salt', '1/2 tsp. real vanilla', '1 tsp. sugar']","""['gelatin', 'water', 'cream', 'salt', 'vanilla', 'sugar']"""
260,"['2 sticks margarine', '2 c. sugar', '2 Tbsp. cocoa', '4 eggs', '1 tsp. vanilla', '1 1/2 c. flour', '1 1/3 c. coconut', '1 c. chopped pecans']","""['margarine', 'sugar', 'cocoa', 'egg', 'vanilla', 'flour', 'coconut', 'pecan']"""
261,"['3 eggs', '1 1/2 c. margarine, melted', '1/2 c. Bisquick', '1/4 tsp. salt', 'pepper to taste', '1 c. shredded Swiss cheese', '1/2 c. crisp fried bacon, crumbled', '1/4 c. chopped onion', 'pinch of basil', 'pinch of marjoram', '1 c. broccoli or favorite vegetable']","""['egg', 'margarine', 'bisquick', 'salt', 'black pepper', 'cheese', 'bacon', 'onion', 'basil', 'marjoram', 'broccoli']"""
262,"['2 Tbsp. peanut oil', '1 c. chopped onion', '1 1/2 tsp. minced garlic', '7 c. chicken broth', '2 Tbsp. soy sauce', '1/4 tsp. pepper', '1 c. thinly sliced carrots', '1 tsp. minced ginger root', '1 lb. lean pork, cut in strips', '1 (8 oz.) can bamboo shoots, drained', '1 (8 oz.) can sliced water chestnuts, drained', '6 oz. frozen pea pods', '1/4 tsp. sesame oil', '2 eggs, well beaten']","""['peanut oil', 'onion', 'garlic', 'chicken broth', 'soy sauce', 'black pepper', 'carrot', 'ginger root', 'pork', 'bamboo shoots', 'water chestnuts', 'pea', 'sesame oil', 'egg']"""
263,"['3/4 c. frozen raspberry or raspberry blend juice concentrate, thawed', '2 Tbsp. honey', '1 c. sliced fresh strawberries', '1 c. fresh or frozen blueberries, partially thawed', '1 c. fresh or frozen raspberries, partially thawed']","""['raspberry juice concentrate', 'honey', 'strawberry', 'blueberry', 'raspberry']"""
264,"['9-inch graham cracker crust', '1 can condensed milk', '1/3 c. lemon juice', '1 can cherry pie filling', '1 (8 oz.) pkg. cream cheese', '1 tsp. vanilla']","""['graham cracker', 'condensed milk', 'lemon juice', 'cherry pie filling', 'cream cheese', 'vanilla']"""
265,"['4 Tbsp. bacon drippings', '3 Tbsp. garlic salt', '3 medium onions, sliced', '1 large can pork and beans', '1 regular can red kidney beans', '1 can small green lima beans', '1/2 c. catsup', '1 tsp. dry mustard', '1/2 tsp. black pepper', '1 tsp. salt', '1/2 c. brown sugar', '1/4 c. vinegar']","""['bacon', 'garlic', 'onion', 'pork', 'bean', 'catsup', 'mustard', 'black pepper', 'salt', 'brown sugar', 'vinegar']"""
266,"['2 c. canned pumpkin', '1 c. salad oil', '3 c. sugar', '3 1/4 c. flour', '4 eggs, beaten', '2 tsp. salt', '1 tsp. baking powder', '1 tsp. baking soda', '1 tsp. cinnamon', '1 tsp. cloves', '1 tsp. nutmeg']","""['pumpkin', 'salad oil', 'sugar', 'flour', 'egg', 'salt', 'baking powder', 'baking soda', 'cinnamon', 'cloves', 'nutmeg']"""
267,"['1/4 c. onions, chopped', '2 Tbsp. green pepper, chopped', '2 Tbsp. salad oil', '2 c. cooked rice', '3 oz. sliced mushrooms', '2 Tbsp. soy sauce', '3 eggs, beaten']","""['onion', 'green pepper', 'salad oil', 'rice', 'mushroom', 'soy sauce', 'egg']"""
268,"['2 eggs', '1 1/2 Tbsp. sugar', '1 1/2 c. self-rising flour', '1 c. milk', '3 to 4 Tbsp. oleo, melted', 'vanilla to taste']","""['egg', 'sugar', 'flour', 'milk', 'oleo', 'vanilla']"""
269,"['1 can minced clams', '2 cloves garlic, minced', '1/2 c. olive oil', '1 Tbsp. minced parsley', 'salt and pepper']","""['clam', 'garlic', 'olive oil', 'parsley', 'black pepper']"""
270,"['3 c. cranberries', '1 1/2 c. crushed pineapple', '1 1/4 c. sugar', '1 Tbsp. flour', '3/4 tsp. cinnamon', '1/2 tsp. nutmeg', '1/4 tsp. salt']","""['cranberry', 'pineapple', 'sugar', 'flour', 'cinnamon', 'nutmeg', 'salt']"""
271,"['1 stick margarine', '2 c. graham cracker crumbs', '2 pkg. Dream Whip', '1 (8 oz.) pkg. cream cheese', '1 c. sugar', '1 c. cold milk', '2 c. strawberries']","""['margarine', 'crumb', 'dream whip', 'cream cheese', 'sugar', 'milk', 'strawberry']"""
272,"['1 c. commerical sour cream', '2 Tbsp. all-purpose flour', '3/4 c. sugar', '1 tsp. vanilla extract', '3/4 tsp. salt', '1 egg, beaten', '2 1/2 c. fresh blueberries', '1 unbaked 9-inch pastry shell', '3 Tbsp. all-purpose flour', '3 Tbsp. butter, softened', '3 Tbsp. chopped black walnuts']","""['sour cream', 'flour', 'sugar', 'vanilla extract', 'salt', 'egg', 'blueberry', 'pastry shell', 'butter', 'walnut']"""
273,"['4 frankfurters, cut in 1-inch pieces', '2 Tbsp. butter', '1 (19 1/4 oz.) can Campbells chunky old fashioned beans with ham soup', '1 (12 oz.) can whole kernel golden corn with sweet peppers, drained', '1 (8 oz.) can lima beans, drained', '1/2 c. barbecue sauce']","""['frankfurter', 'butter', 'bean', 'corn', 'lima bean', 'barbecue sauce']"""
274,"['1 pkg. lemon Jell-O', '1 c. boiling water', '3 Tbsp. lemon juice', '1 (8 oz.) pkg. cream cheese', '1 c. sugar', '1 small can drained, crushed pineapple', '2 tsp. vanilla', '1 large can Milnot', '2 pkg. graham crackers', '1/2 c. oleo (1 stick)']","""['lemon jell-o', 'water', 'lemon juice', 'cream cheese', 'sugar', 'pineapple', 'vanilla', 'milnot', 'graham cracker', 'oleo']"""
275,"['1 cup sifted cake flour', '1 1/2 cups sugar', '1 1/2 cups egg white (about a dozen)', '1 1/2 tsp. cream of tartar', '3/4 tsp. salt', '1 tsp. vanilla', '1/2 tsp. almond flavoring']","""['cake flour', 'sugar', 'egg white', 'cream of tartar', 'salt', 'vanilla', 'almond flavoring']"""
276,"['2 c. self-rising flour', '2 c. sugar', '1 c. oil', '2 jars strained plum baby food', '3 eggs', '1 tsp. cinnamon', '1 tsp. allspice', '1 c. pecans, broken into small pieces']","""['self-rising flour', 'sugar', 'oil', 'plum baby food', 'egg', 'cinnamon', 'allspice', 'pecan']"""
277,"['3 c. sugar', '2 sticks margarine, melted', '1 c. pinto beans, mashed', '4 beaten eggs', '1 Tbsp. vanilla']","""['sugar', 'margarine', 'bean', 'egg', 'vanilla']"""
278,"['1 devils food cake mix', '3/4 c. peanut butter', '1 stick oleo, melted', '1 (7 oz.) jar marshmallow cream']","""['devils food cake mix', 'peanut butter', 'oleo', 'marshmallow cream']"""
279,"['2 boxes confectioners sugar', '1 can Eagle Brand milk', '1 tsp. vanilla', '7 oz. coconut (not frozen)', 'pecans', '1 box Bakers semi-sweet chocolate', 'paraffin']","""['confectioners sugar', 'milk', 'vanilla', 'coconut', 'pecan', 'chocolate', 'paraffin']"""
280,"['1 head lettuce', '1 c. chopped onion', '1/2 c. bacon bits', '2 c. mayonnaise', '1 pkg. shredded Swiss cheese', '1 c. cauliflower (in pieces)', '1 c. chopped celery', '1 c. frozen peas', '3 Tbsp. sugar']","""['lettuce', 'onion', 'bacon', 'mayonnaise', 'cheese', 'cauliflower', 'celery', 'pea', 'sugar']"""
281,"['1/2 c. margarine', '2/3 c. unsweetened cocoa', '1/2 c. light corn syrup', '1 Tbsp. water', '1 tsp. vanilla', '1 lb. confectioners sugar', '1 c. miniature marshmallows', '1/2 c. chopped nuts']","""['margarine', 'cocoa', 'corn syrup', 'water', 'vanilla', 'confectioners sugar', 'marshmallow', 'nut']"""
282,"['2 eggs', '2 c sugar', '1 can Eagle brand milk', '1/2 pt cream', '2 tsp vanilla', 'pinch of salt', '2 qts milk']","""['egg', 'sugar', 'milk', 'cream', 'vanilla', 'salt']"""
283,"['1 c. persimmon pulp', '1 c. powdered sugar', '2 c. graham cracker crumbs', '1/2 c. peanuts, chopped', '1/2 c. miniature marshmallows', 'whipped cream']","""['persimmon pulp', 'powdered sugar', 'graham cracker crumb', 'peanut', 'marshmallow', 'cream']"""
284,"['1 c. light brown sugar', '3 eggs', '3 c. self rising flour', '1 tsp. cinnamon', '1/2 c. milk', '2 lbs candied fruit or 6 slices of candied pineapple and 2 cups of candied cherries', '3 to 4 c. of pecans']","""['brown sugar', 'egg', 'flour', 'cinnamon', 'milk', 'candied fruit', 'pecan']"""
285,"['1 medium chicken', '1 can (12) soft tortillas', '1 large chopped onion', '1 large chopped green pepper', '1 can mushroom soup', '1 can cream of chicken soup', '1 can tomatoes and green chilies', '1/2 tsp. chili powder', '1/2 tsp. garlic salt', '1 lb. Cheddar cheese, grated']","""['chicken', 'tortilla', 'onion', 'pepper', 'mushroom soup', 'cream of chicken soup', 'tomato', 'chili powder', 'garlic salt', 'cheddar cheese']"""
286,"['1 tube refrigerator enriched sugar cookie dough', '8 oz. cream cheese, softened', 'assorted canned or fresh fruits, sliced', '1/2 c. powdered sugar', 'coconut']","""['sugar cookie dough', 'cream cheese', 'fruit', 'powdered sugar', 'coconut']"""
287,"['2 Tbsp. butter or margarine', '2 Tbsp. flour', '1/4 c. boiling water', '1/4 c. vinegar', '1/3 c. brown sugar', '1/2 tsp. salt', '1/8 tsp. pepper', '1/8 tsp. ground cloves', '2 1/2 c. diced, cooked beets']","""['butter', 'flour', 'water', 'vinegar', 'brown sugar', 'salt', 'black pepper', 'cloves', 'beet']"""
288,"['6 to 8 lean slices diced bacon', '2 c. diced, cooked potatoes', '1 c. diced onion', '2 cans minced clams, drained (reserve 1 c. clam juice)', '2 c. half and half', '1 c. water', '2 Tbsp. butter', 'salt and pepper to taste']","""['bacon', 'potato', 'onion', 'clam', 'half and half', 'water', 'butter', 'black pepper']"""
289,"['2 small pkg. fresh cranberries', '1 c. sugar (or more if you like)', '1 whole orange', 'walnuts']","""['cranberry', 'sugar', 'orange', 'walnut']"""
290,"['3 Tbsp. Butter', '4 Bananas (sliced)', '6 Eggs (separated)', '1/2 tsp. Salt', 'Dash of Cayenne Pepper', '1/4 c. Milk', '2 Tbsp. Chopped Parsley']","""['butter', 'banana', 'egg', 'salt', 'cayenne pepper', 'milk', 'parsley']"""
291,"['1 lb. hamburger', '1 onion, chopped', '1/2 pkg. dry taco seasoning', '1 can kidney beans', '1 can butter beans', '1 can tomatoes', '1 small can tomato sauce', '1 (12 oz.) can tomato juice or V-8 juice']","""['hamburger', 'onion', 'taco seasoning', 'kidney bean', 'butter bean', 'tomato', 'tomato sauce', 'tomato juice']"""
292,"['2/3 c. sweetened condensed milk', '2 Tbsp. lemon juice', '6 sugar cones (the hard type)', '1/2 c. whipped cream or Cool Whip', '8 oz. fruit yogurt']","""['sweetened condensed milk', 'lemon juice', 'sugar cone', 'whipped cream', 'yogurt']"""
293,"['1/2 c. soy sauce', '1/4 c. oil', '1/4 c. red wine vinegar', '1 tsp. oregano', '1 tsp. basil', '1 tsp. minced onion', '1/4 tsp. pepper']","""['soy sauce', 'oil', 'red wine vinegar', 'oregano', 'basil', 'onion', 'black pepper']"""
294,"['1 box Pillsbury yellow cake mix', '1 tsp. coconut flavoring', '1 tsp. rum flavoring', '1 c. coconut', '1/2 c. chopped nuts', '1 c. drained crushed pineapple']","""['cake mix', 'coconut', 'nut', 'pineapple']"""
295,"['3/4 c. sugar', '1/2 c. red wine vinegar', '1 c. oil', '3 Tbsp. soy sauce', '2 pkg. Ramen noodles, crushed', '1 c. chopped walnuts', '1 bunch chopped green onion', '1 bunch broccoli florets', '2 pkg. romaine lettuce']","""['sugar', 'red wine vinegar', 'oil', 'soy sauce', 'ramen noodle', 'walnut', 'green onion', 'broccoli', 'romaine lettuce']"""
296,"['1/2 c. white sugar', '2 c. brown sugar', '1 stick margarine', '1/2 c. oil', '2 c. applesauce', '2 tsp. soda', '1/2 tsp. salt', '2 eggs', '1 c. ground raisins', '1/2 c. walnuts or pecans', '2 1/2 c. flour', '1 tsp. cinnamon', '1/4 tsp. cloves']","""['sugar', 'margarine', 'oil', 'applesauce', 'soda', 'salt', 'egg', 'raisin', 'walnut', 'pecan', 'flour', 'cinnamon', 'cloves']"""
297,"['1 pt. oil', 'juice of 1/2 lemon', '1 egg yolk', '1 tsp. honey']","""['oil', 'lemon juice', 'egg', 'honey']"""
298,"['1 lb. hamburg', '1/4 c. chopped onion', '1/4 tsp. salt', '1/8 tsp. pepper', '1 c. mashed potatoes']","""['hamburger', 'onion', 'salt', 'black pepper', 'mashed potato']"""
299,"['3 c. chopped, raw apple', '2 c. flour', '2 c. sugar', '1/2 c. shortening (I used 1 stick oleo)', '2 eggs', '1/2 tsp. salt', '1 tsp. baking soda', '2 tsp. vanilla', '1/2 tsp. nutmeg', '1/2 tsp. cinnamon', '1 c. chopped nuts']","""['apple', 'flour', 'sugar', 'shortening', 'egg', 'salt', 'baking soda', 'vanilla', 'nutmeg', 'cinnamon', 'nut']"""
